--
-- PostgreSQL database dump
--

SET statement_timeout = 0;
SET client_encoding = 'UTF8';
SET standard_conforming_strings = on;
SET check_function_bodies = false;
SET client_min_messages = warning;

--
-- Name: plpgsql; Type: EXTENSION; Schema: -; Owner: 
--

CREATE EXTENSION IF NOT EXISTS plpgsql WITH SCHEMA pg_catalog;


--
-- Name: EXTENSION plpgsql; Type: COMMENT; Schema: -; Owner: 
--

COMMENT ON EXTENSION plpgsql IS 'PL/pgSQL procedural language';


SET search_path = public, pg_catalog;

SET default_tablespace = '';

SET default_with_oids = false;

--
-- Name: active_admin_comments; Type: TABLE; Schema: public; Owner: balabanpetr; Tablespace: 
--

CREATE TABLE active_admin_comments (
    id integer NOT NULL,
    resource_id character varying(255) NOT NULL,
    resource_type character varying(255) NOT NULL,
    author_id integer,
    author_type character varying(255),
    body text,
    created_at timestamp without time zone NOT NULL,
    updated_at timestamp without time zone NOT NULL,
    namespace character varying(255)
);


ALTER TABLE public.active_admin_comments OWNER TO balabanpetr;

--
-- Name: active_admin_comments_id_seq; Type: SEQUENCE; Schema: public; Owner: balabanpetr
--

CREATE SEQUENCE active_admin_comments_id_seq
    START WITH 1
    INCREMENT BY 1
    NO MINVALUE
    NO MAXVALUE
    CACHE 1;


ALTER TABLE public.active_admin_comments_id_seq OWNER TO balabanpetr;

--
-- Name: active_admin_comments_id_seq; Type: SEQUENCE OWNED BY; Schema: public; Owner: balabanpetr
--

ALTER SEQUENCE active_admin_comments_id_seq OWNED BY active_admin_comments.id;


--
-- Name: admin_users; Type: TABLE; Schema: public; Owner: balabanpetr; Tablespace: 
--

CREATE TABLE admin_users (
    id integer NOT NULL,
    email character varying(255) DEFAULT ''::character varying NOT NULL,
    encrypted_password character varying(255) DEFAULT ''::character varying NOT NULL,
    reset_password_token character varying(255),
    reset_password_sent_at timestamp without time zone,
    remember_created_at timestamp without time zone,
    sign_in_count integer DEFAULT 0,
    current_sign_in_at timestamp without time zone,
    last_sign_in_at timestamp without time zone,
    current_sign_in_ip character varying(255),
    last_sign_in_ip character varying(255),
    created_at timestamp without time zone NOT NULL,
    updated_at timestamp without time zone NOT NULL
);


ALTER TABLE public.admin_users OWNER TO balabanpetr;

--
-- Name: admin_users_id_seq; Type: SEQUENCE; Schema: public; Owner: balabanpetr
--

CREATE SEQUENCE admin_users_id_seq
    START WITH 1
    INCREMENT BY 1
    NO MINVALUE
    NO MAXVALUE
    CACHE 1;


ALTER TABLE public.admin_users_id_seq OWNER TO balabanpetr;

--
-- Name: admin_users_id_seq; Type: SEQUENCE OWNED BY; Schema: public; Owner: balabanpetr
--

ALTER SEQUENCE admin_users_id_seq OWNED BY admin_users.id;


--
-- Name: comment_likes; Type: TABLE; Schema: public; Owner: balabanpetr; Tablespace: 
--

CREATE TABLE comment_likes (
    id integer NOT NULL,
    like_or_not boolean,
    comment_id integer,
    created_at timestamp without time zone NOT NULL,
    updated_at timestamp without time zone NOT NULL,
    user_id integer
);


ALTER TABLE public.comment_likes OWNER TO balabanpetr;

--
-- Name: comment_likes_id_seq; Type: SEQUENCE; Schema: public; Owner: balabanpetr
--

CREATE SEQUENCE comment_likes_id_seq
    START WITH 1
    INCREMENT BY 1
    NO MINVALUE
    NO MAXVALUE
    CACHE 1;


ALTER TABLE public.comment_likes_id_seq OWNER TO balabanpetr;

--
-- Name: comment_likes_id_seq; Type: SEQUENCE OWNED BY; Schema: public; Owner: balabanpetr
--

ALTER SEQUENCE comment_likes_id_seq OWNED BY comment_likes.id;


--
-- Name: comments; Type: TABLE; Schema: public; Owner: balabanpetr; Tablespace: 
--

CREATE TABLE comments (
    id integer NOT NULL,
    content text,
    commentable_id integer,
    commentable_type character varying(255),
    created_at timestamp without time zone NOT NULL,
    updated_at timestamp without time zone NOT NULL,
    user_id integer,
    ancestry character varying(255),
    parent_id integer,
    st_profile boolean DEFAULT false
);


ALTER TABLE public.comments OWNER TO balabanpetr;

--
-- Name: comments_id_seq; Type: SEQUENCE; Schema: public; Owner: balabanpetr
--

CREATE SEQUENCE comments_id_seq
    START WITH 1
    INCREMENT BY 1
    NO MINVALUE
    NO MAXVALUE
    CACHE 1;


ALTER TABLE public.comments_id_seq OWNER TO balabanpetr;

--
-- Name: comments_id_seq; Type: SEQUENCE OWNED BY; Schema: public; Owner: balabanpetr
--

ALTER SEQUENCE comments_id_seq OWNED BY comments.id;


--
-- Name: conversations; Type: TABLE; Schema: public; Owner: balabanpetr; Tablespace: 
--

CREATE TABLE conversations (
    id integer NOT NULL,
    subject character varying(255) DEFAULT ''::character varying,
    created_at timestamp without time zone NOT NULL,
    updated_at timestamp without time zone NOT NULL
);


ALTER TABLE public.conversations OWNER TO balabanpetr;

--
-- Name: conversations_id_seq; Type: SEQUENCE; Schema: public; Owner: balabanpetr
--

CREATE SEQUENCE conversations_id_seq
    START WITH 1
    INCREMENT BY 1
    NO MINVALUE
    NO MAXVALUE
    CACHE 1;


ALTER TABLE public.conversations_id_seq OWNER TO balabanpetr;

--
-- Name: conversations_id_seq; Type: SEQUENCE OWNED BY; Schema: public; Owner: balabanpetr
--

ALTER SEQUENCE conversations_id_seq OWNED BY conversations.id;


--
-- Name: flaggings; Type: TABLE; Schema: public; Owner: balabanpetr; Tablespace: 
--

CREATE TABLE flaggings (
    id integer NOT NULL,
    flaggable_type character varying(255),
    flaggable_id integer,
    flagger_type character varying(255),
    flagger_id integer,
    flag character varying(255),
    created_at timestamp without time zone NOT NULL,
    updated_at timestamp without time zone NOT NULL
);


ALTER TABLE public.flaggings OWNER TO balabanpetr;

--
-- Name: flaggings_id_seq; Type: SEQUENCE; Schema: public; Owner: balabanpetr
--

CREATE SEQUENCE flaggings_id_seq
    START WITH 1
    INCREMENT BY 1
    NO MINVALUE
    NO MAXVALUE
    CACHE 1;


ALTER TABLE public.flaggings_id_seq OWNER TO balabanpetr;

--
-- Name: flaggings_id_seq; Type: SEQUENCE OWNED BY; Schema: public; Owner: balabanpetr
--

ALTER SEQUENCE flaggings_id_seq OWNED BY flaggings.id;


--
-- Name: homes; Type: TABLE; Schema: public; Owner: balabanpetr; Tablespace: 
--

CREATE TABLE homes (
    id integer NOT NULL,
    created_at timestamp without time zone NOT NULL,
    updated_at timestamp without time zone NOT NULL
);


ALTER TABLE public.homes OWNER TO balabanpetr;

--
-- Name: homes_id_seq; Type: SEQUENCE; Schema: public; Owner: balabanpetr
--

CREATE SEQUENCE homes_id_seq
    START WITH 1
    INCREMENT BY 1
    NO MINVALUE
    NO MAXVALUE
    CACHE 1;


ALTER TABLE public.homes_id_seq OWNER TO balabanpetr;

--
-- Name: homes_id_seq; Type: SEQUENCE OWNED BY; Schema: public; Owner: balabanpetr
--

ALTER SEQUENCE homes_id_seq OWNED BY homes.id;


--
-- Name: impressions; Type: TABLE; Schema: public; Owner: balabanpetr; Tablespace: 
--

CREATE TABLE impressions (
    id integer NOT NULL,
    impressionable_type character varying(255),
    impressionable_id integer,
    user_id integer,
    controller_name character varying(255),
    action_name character varying(255),
    view_name character varying(255),
    request_hash character varying(255),
    ip_address character varying(255),
    session_hash character varying(255),
    message text,
    referrer text,
    created_at timestamp without time zone NOT NULL,
    updated_at timestamp without time zone NOT NULL
);


ALTER TABLE public.impressions OWNER TO balabanpetr;

--
-- Name: impressions_id_seq; Type: SEQUENCE; Schema: public; Owner: balabanpetr
--

CREATE SEQUENCE impressions_id_seq
    START WITH 1
    INCREMENT BY 1
    NO MINVALUE
    NO MAXVALUE
    CACHE 1;


ALTER TABLE public.impressions_id_seq OWNER TO balabanpetr;

--
-- Name: impressions_id_seq; Type: SEQUENCE OWNED BY; Schema: public; Owner: balabanpetr
--

ALTER SEQUENCE impressions_id_seq OWNED BY impressions.id;


--
-- Name: likes; Type: TABLE; Schema: public; Owner: balabanpetr; Tablespace: 
--

CREATE TABLE likes (
    id integer NOT NULL,
    user_id integer,
    video_id integer,
    created_at timestamp without time zone NOT NULL,
    updated_at timestamp without time zone NOT NULL
);


ALTER TABLE public.likes OWNER TO balabanpetr;

--
-- Name: likes_id_seq; Type: SEQUENCE; Schema: public; Owner: balabanpetr
--

CREATE SEQUENCE likes_id_seq
    START WITH 1
    INCREMENT BY 1
    NO MINVALUE
    NO MAXVALUE
    CACHE 1;


ALTER TABLE public.likes_id_seq OWNER TO balabanpetr;

--
-- Name: likes_id_seq; Type: SEQUENCE OWNED BY; Schema: public; Owner: balabanpetr
--

ALTER SEQUENCE likes_id_seq OWNED BY likes.id;


--
-- Name: notifications; Type: TABLE; Schema: public; Owner: balabanpetr; Tablespace: 
--

CREATE TABLE notifications (
    id integer NOT NULL,
    type character varying(255),
    body text,
    subject character varying(255) DEFAULT ''::character varying,
    sender_id integer,
    sender_type character varying(255),
    conversation_id integer,
    draft boolean DEFAULT false,
    updated_at timestamp without time zone NOT NULL,
    created_at timestamp without time zone NOT NULL,
    notified_object_id integer,
    notified_object_type character varying(255),
    notification_code character varying(255) DEFAULT NULL::character varying,
    attachment character varying(255)
);


ALTER TABLE public.notifications OWNER TO balabanpetr;

--
-- Name: notifications_id_seq; Type: SEQUENCE; Schema: public; Owner: balabanpetr
--

CREATE SEQUENCE notifications_id_seq
    START WITH 1
    INCREMENT BY 1
    NO MINVALUE
    NO MAXVALUE
    CACHE 1;


ALTER TABLE public.notifications_id_seq OWNER TO balabanpetr;

--
-- Name: notifications_id_seq; Type: SEQUENCE OWNED BY; Schema: public; Owner: balabanpetr
--

ALTER SEQUENCE notifications_id_seq OWNED BY notifications.id;


--
-- Name: plans; Type: TABLE; Schema: public; Owner: balabanpetr; Tablespace: 
--

CREATE TABLE plans (
    id integer NOT NULL,
    name character varying(255),
    price numeric,
    "time" integer,
    created_at timestamp without time zone NOT NULL,
    updated_at timestamp without time zone NOT NULL
);


ALTER TABLE public.plans OWNER TO balabanpetr;

--
-- Name: plans_id_seq; Type: SEQUENCE; Schema: public; Owner: balabanpetr
--

CREATE SEQUENCE plans_id_seq
    START WITH 1
    INCREMENT BY 1
    NO MINVALUE
    NO MAXVALUE
    CACHE 1;


ALTER TABLE public.plans_id_seq OWNER TO balabanpetr;

--
-- Name: plans_id_seq; Type: SEQUENCE OWNED BY; Schema: public; Owner: balabanpetr
--

ALTER SEQUENCE plans_id_seq OWNED BY plans.id;


--
-- Name: receipts; Type: TABLE; Schema: public; Owner: balabanpetr; Tablespace: 
--

CREATE TABLE receipts (
    id integer NOT NULL,
    receiver_id integer,
    receiver_type character varying(255),
    notification_id integer NOT NULL,
    is_read boolean DEFAULT false,
    trashed boolean DEFAULT false,
    deleted boolean DEFAULT false,
    mailbox_type character varying(25),
    created_at timestamp without time zone NOT NULL,
    updated_at timestamp without time zone NOT NULL
);


ALTER TABLE public.receipts OWNER TO balabanpetr;

--
-- Name: receipts_id_seq; Type: SEQUENCE; Schema: public; Owner: balabanpetr
--

CREATE SEQUENCE receipts_id_seq
    START WITH 1
    INCREMENT BY 1
    NO MINVALUE
    NO MAXVALUE
    CACHE 1;


ALTER TABLE public.receipts_id_seq OWNER TO balabanpetr;

--
-- Name: receipts_id_seq; Type: SEQUENCE OWNED BY; Schema: public; Owner: balabanpetr
--

ALTER SEQUENCE receipts_id_seq OWNED BY receipts.id;


--
-- Name: relationships; Type: TABLE; Schema: public; Owner: balabanpetr; Tablespace: 
--

CREATE TABLE relationships (
    id integer NOT NULL,
    follower_id integer,
    followed_id integer,
    created_at timestamp without time zone NOT NULL,
    updated_at timestamp without time zone NOT NULL
);


ALTER TABLE public.relationships OWNER TO balabanpetr;

--
-- Name: relationships_id_seq; Type: SEQUENCE; Schema: public; Owner: balabanpetr
--

CREATE SEQUENCE relationships_id_seq
    START WITH 1
    INCREMENT BY 1
    NO MINVALUE
    NO MAXVALUE
    CACHE 1;


ALTER TABLE public.relationships_id_seq OWNER TO balabanpetr;

--
-- Name: relationships_id_seq; Type: SEQUENCE OWNED BY; Schema: public; Owner: balabanpetr
--

ALTER SEQUENCE relationships_id_seq OWNED BY relationships.id;


--
-- Name: requests; Type: TABLE; Schema: public; Owner: balabanpetr; Tablespace: 
--

CREATE TABLE requests (
    id integer NOT NULL,
    message character varying(255),
    user_id integer,
    created_at timestamp without time zone NOT NULL,
    updated_at timestamp without time zone NOT NULL
);


ALTER TABLE public.requests OWNER TO balabanpetr;

--
-- Name: requests_id_seq; Type: SEQUENCE; Schema: public; Owner: balabanpetr
--

CREATE SEQUENCE requests_id_seq
    START WITH 1
    INCREMENT BY 1
    NO MINVALUE
    NO MAXVALUE
    CACHE 1;


ALTER TABLE public.requests_id_seq OWNER TO balabanpetr;

--
-- Name: requests_id_seq; Type: SEQUENCE OWNED BY; Schema: public; Owner: balabanpetr
--

ALTER SEQUENCE requests_id_seq OWNED BY requests.id;


--
-- Name: rs_evaluations; Type: TABLE; Schema: public; Owner: balabanpetr; Tablespace: 
--

CREATE TABLE rs_evaluations (
    id integer NOT NULL,
    reputation_name character varying(255),
    source_id integer,
    source_type character varying(255),
    target_id integer,
    target_type character varying(255),
    value double precision DEFAULT 0,
    created_at timestamp without time zone NOT NULL,
    updated_at timestamp without time zone NOT NULL
);


ALTER TABLE public.rs_evaluations OWNER TO balabanpetr;

--
-- Name: rs_evaluations_id_seq; Type: SEQUENCE; Schema: public; Owner: balabanpetr
--

CREATE SEQUENCE rs_evaluations_id_seq
    START WITH 1
    INCREMENT BY 1
    NO MINVALUE
    NO MAXVALUE
    CACHE 1;


ALTER TABLE public.rs_evaluations_id_seq OWNER TO balabanpetr;

--
-- Name: rs_evaluations_id_seq; Type: SEQUENCE OWNED BY; Schema: public; Owner: balabanpetr
--

ALTER SEQUENCE rs_evaluations_id_seq OWNED BY rs_evaluations.id;


--
-- Name: rs_reputation_messages; Type: TABLE; Schema: public; Owner: balabanpetr; Tablespace: 
--

CREATE TABLE rs_reputation_messages (
    id integer NOT NULL,
    sender_id integer,
    sender_type character varying(255),
    receiver_id integer,
    weight double precision DEFAULT 1,
    created_at timestamp without time zone NOT NULL,
    updated_at timestamp without time zone NOT NULL
);


ALTER TABLE public.rs_reputation_messages OWNER TO balabanpetr;

--
-- Name: rs_reputation_messages_id_seq; Type: SEQUENCE; Schema: public; Owner: balabanpetr
--

CREATE SEQUENCE rs_reputation_messages_id_seq
    START WITH 1
    INCREMENT BY 1
    NO MINVALUE
    NO MAXVALUE
    CACHE 1;


ALTER TABLE public.rs_reputation_messages_id_seq OWNER TO balabanpetr;

--
-- Name: rs_reputation_messages_id_seq; Type: SEQUENCE OWNED BY; Schema: public; Owner: balabanpetr
--

ALTER SEQUENCE rs_reputation_messages_id_seq OWNED BY rs_reputation_messages.id;


--
-- Name: rs_reputations; Type: TABLE; Schema: public; Owner: balabanpetr; Tablespace: 
--

CREATE TABLE rs_reputations (
    id integer NOT NULL,
    reputation_name character varying(255),
    value double precision DEFAULT 0,
    aggregated_by character varying(255),
    target_id integer,
    target_type character varying(255),
    active boolean DEFAULT true,
    created_at timestamp without time zone NOT NULL,
    updated_at timestamp without time zone NOT NULL
);


ALTER TABLE public.rs_reputations OWNER TO balabanpetr;

--
-- Name: rs_reputations_id_seq; Type: SEQUENCE; Schema: public; Owner: balabanpetr
--

CREATE SEQUENCE rs_reputations_id_seq
    START WITH 1
    INCREMENT BY 1
    NO MINVALUE
    NO MAXVALUE
    CACHE 1;


ALTER TABLE public.rs_reputations_id_seq OWNER TO balabanpetr;

--
-- Name: rs_reputations_id_seq; Type: SEQUENCE OWNED BY; Schema: public; Owner: balabanpetr
--

ALTER SEQUENCE rs_reputations_id_seq OWNED BY rs_reputations.id;


--
-- Name: schema_migrations; Type: TABLE; Schema: public; Owner: balabanpetr; Tablespace: 
--

CREATE TABLE schema_migrations (
    version character varying(255) NOT NULL
);


ALTER TABLE public.schema_migrations OWNER TO balabanpetr;

--
-- Name: student_teacher_profiles; Type: TABLE; Schema: public; Owner: balabanpetr; Tablespace: 
--

CREATE TABLE student_teacher_profiles (
    id integer NOT NULL,
    user_id integer,
    to_learn character varying(255) DEFAULT ''::character varying NOT NULL,
    on_leant_amount character varying(255) DEFAULT ''::character varying NOT NULL,
    to_teach character varying(255) DEFAULT ''::character varying NOT NULL,
    for_teaching_amount character varying(255) DEFAULT ''::character varying NOT NULL,
    created_at timestamp without time zone NOT NULL,
    updated_at timestamp without time zone NOT NULL
);


ALTER TABLE public.student_teacher_profiles OWNER TO balabanpetr;

--
-- Name: student_teacher_profiles_id_seq; Type: SEQUENCE; Schema: public; Owner: balabanpetr
--

CREATE SEQUENCE student_teacher_profiles_id_seq
    START WITH 1
    INCREMENT BY 1
    NO MINVALUE
    NO MAXVALUE
    CACHE 1;


ALTER TABLE public.student_teacher_profiles_id_seq OWNER TO balabanpetr;

--
-- Name: student_teacher_profiles_id_seq; Type: SEQUENCE OWNED BY; Schema: public; Owner: balabanpetr
--

ALTER SEQUENCE student_teacher_profiles_id_seq OWNED BY student_teacher_profiles.id;


--
-- Name: subscriptions; Type: TABLE; Schema: public; Owner: balabanpetr; Tablespace: 
--

CREATE TABLE subscriptions (
    id integer NOT NULL,
    plan_id integer,
    email character varying(255),
    created_at timestamp without time zone NOT NULL,
    updated_at timestamp without time zone NOT NULL,
    stripe_customer_token character varying(255)
);


ALTER TABLE public.subscriptions OWNER TO balabanpetr;

--
-- Name: subscriptions_id_seq; Type: SEQUENCE; Schema: public; Owner: balabanpetr
--

CREATE SEQUENCE subscriptions_id_seq
    START WITH 1
    INCREMENT BY 1
    NO MINVALUE
    NO MAXVALUE
    CACHE 1;


ALTER TABLE public.subscriptions_id_seq OWNER TO balabanpetr;

--
-- Name: subscriptions_id_seq; Type: SEQUENCE OWNED BY; Schema: public; Owner: balabanpetr
--

ALTER SEQUENCE subscriptions_id_seq OWNED BY subscriptions.id;


--
-- Name: taggings; Type: TABLE; Schema: public; Owner: balabanpetr; Tablespace: 
--

CREATE TABLE taggings (
    id integer NOT NULL,
    tag_id integer,
    taggable_id integer,
    taggable_type character varying(255),
    tagger_id integer,
    tagger_type character varying(255),
    context character varying(128),
    created_at timestamp without time zone
);


ALTER TABLE public.taggings OWNER TO balabanpetr;

--
-- Name: taggings_id_seq; Type: SEQUENCE; Schema: public; Owner: balabanpetr
--

CREATE SEQUENCE taggings_id_seq
    START WITH 1
    INCREMENT BY 1
    NO MINVALUE
    NO MAXVALUE
    CACHE 1;


ALTER TABLE public.taggings_id_seq OWNER TO balabanpetr;

--
-- Name: taggings_id_seq; Type: SEQUENCE OWNED BY; Schema: public; Owner: balabanpetr
--

ALTER SEQUENCE taggings_id_seq OWNED BY taggings.id;


--
-- Name: tags; Type: TABLE; Schema: public; Owner: balabanpetr; Tablespace: 
--

CREATE TABLE tags (
    id integer NOT NULL,
    name character varying(255),
    updated_at timestamp without time zone
);


ALTER TABLE public.tags OWNER TO balabanpetr;

--
-- Name: tags_id_seq; Type: SEQUENCE; Schema: public; Owner: balabanpetr
--

CREATE SEQUENCE tags_id_seq
    START WITH 1
    INCREMENT BY 1
    NO MINVALUE
    NO MAXVALUE
    CACHE 1;


ALTER TABLE public.tags_id_seq OWNER TO balabanpetr;

--
-- Name: tags_id_seq; Type: SEQUENCE OWNED BY; Schema: public; Owner: balabanpetr
--

ALTER SEQUENCE tags_id_seq OWNED BY tags.id;


--
-- Name: users; Type: TABLE; Schema: public; Owner: balabanpetr; Tablespace: 
--

CREATE TABLE users (
    id integer NOT NULL,
    username character varying(255),
    image character varying(255),
    email character varying(255),
    created_at timestamp without time zone NOT NULL,
    updated_at timestamp without time zone NOT NULL,
    encrypted_password character varying(255) DEFAULT ''::character varying NOT NULL,
    reset_password_token character varying(255),
    reset_password_sent_at timestamp without time zone,
    remember_created_at timestamp without time zone,
    sign_in_count integer DEFAULT 0,
    current_sign_in_at timestamp without time zone,
    last_sign_in_at timestamp without time zone,
    current_sign_in_ip character varying(255),
    last_sign_in_ip character varying(255),
    confirmation_token character varying(255),
    confirmed_at timestamp without time zone,
    confirmation_sent_at timestamp without time zone,
    unconfirmed_email character varying(255),
    provider character varying(255),
    uid character varying(255),
    facebookimage character varying(255),
    membership character varying(255),
    address character varying(255),
    city character varying(255),
    zip character varying(255),
    state character varying(255),
    latitude double precision,
    longitude double precision,
    country character varying(255)
);


ALTER TABLE public.users OWNER TO balabanpetr;

--
-- Name: users_id_seq; Type: SEQUENCE; Schema: public; Owner: balabanpetr
--

CREATE SEQUENCE users_id_seq
    START WITH 1
    INCREMENT BY 1
    NO MINVALUE
    NO MAXVALUE
    CACHE 1;


ALTER TABLE public.users_id_seq OWNER TO balabanpetr;

--
-- Name: users_id_seq; Type: SEQUENCE OWNED BY; Schema: public; Owner: balabanpetr
--

ALTER SEQUENCE users_id_seq OWNED BY users.id;


--
-- Name: videos; Type: TABLE; Schema: public; Owner: balabanpetr; Tablespace: 
--

CREATE TABLE videos (
    id integer NOT NULL,
    title character varying(255),
    video_link character varying(255),
    created_at timestamp without time zone NOT NULL,
    updated_at timestamp without time zone NOT NULL,
    yt_video_id character varying(255),
    description character varying(255),
    user_id integer,
    tags character varying(255),
    category character varying(255),
    views integer,
    file character varying(255),
    attachment character varying(255),
    zencoder_output_id character varying(255),
    processed boolean
);


ALTER TABLE public.videos OWNER TO balabanpetr;

--
-- Name: videos_id_seq; Type: SEQUENCE; Schema: public; Owner: balabanpetr
--

CREATE SEQUENCE videos_id_seq
    START WITH 1
    INCREMENT BY 1
    NO MINVALUE
    NO MAXVALUE
    CACHE 1;


ALTER TABLE public.videos_id_seq OWNER TO balabanpetr;

--
-- Name: videos_id_seq; Type: SEQUENCE OWNED BY; Schema: public; Owner: balabanpetr
--

ALTER SEQUENCE videos_id_seq OWNED BY videos.id;


--
-- Name: id; Type: DEFAULT; Schema: public; Owner: balabanpetr
--

ALTER TABLE ONLY active_admin_comments ALTER COLUMN id SET DEFAULT nextval('active_admin_comments_id_seq'::regclass);


--
-- Name: id; Type: DEFAULT; Schema: public; Owner: balabanpetr
--

ALTER TABLE ONLY admin_users ALTER COLUMN id SET DEFAULT nextval('admin_users_id_seq'::regclass);


--
-- Name: id; Type: DEFAULT; Schema: public; Owner: balabanpetr
--

ALTER TABLE ONLY comment_likes ALTER COLUMN id SET DEFAULT nextval('comment_likes_id_seq'::regclass);


--
-- Name: id; Type: DEFAULT; Schema: public; Owner: balabanpetr
--

ALTER TABLE ONLY comments ALTER COLUMN id SET DEFAULT nextval('comments_id_seq'::regclass);


--
-- Name: id; Type: DEFAULT; Schema: public; Owner: balabanpetr
--

ALTER TABLE ONLY conversations ALTER COLUMN id SET DEFAULT nextval('conversations_id_seq'::regclass);


--
-- Name: id; Type: DEFAULT; Schema: public; Owner: balabanpetr
--

ALTER TABLE ONLY flaggings ALTER COLUMN id SET DEFAULT nextval('flaggings_id_seq'::regclass);


--
-- Name: id; Type: DEFAULT; Schema: public; Owner: balabanpetr
--

ALTER TABLE ONLY homes ALTER COLUMN id SET DEFAULT nextval('homes_id_seq'::regclass);


--
-- Name: id; Type: DEFAULT; Schema: public; Owner: balabanpetr
--

ALTER TABLE ONLY impressions ALTER COLUMN id SET DEFAULT nextval('impressions_id_seq'::regclass);


--
-- Name: id; Type: DEFAULT; Schema: public; Owner: balabanpetr
--

ALTER TABLE ONLY likes ALTER COLUMN id SET DEFAULT nextval('likes_id_seq'::regclass);


--
-- Name: id; Type: DEFAULT; Schema: public; Owner: balabanpetr
--

ALTER TABLE ONLY notifications ALTER COLUMN id SET DEFAULT nextval('notifications_id_seq'::regclass);


--
-- Name: id; Type: DEFAULT; Schema: public; Owner: balabanpetr
--

ALTER TABLE ONLY plans ALTER COLUMN id SET DEFAULT nextval('plans_id_seq'::regclass);


--
-- Name: id; Type: DEFAULT; Schema: public; Owner: balabanpetr
--

ALTER TABLE ONLY receipts ALTER COLUMN id SET DEFAULT nextval('receipts_id_seq'::regclass);


--
-- Name: id; Type: DEFAULT; Schema: public; Owner: balabanpetr
--

ALTER TABLE ONLY relationships ALTER COLUMN id SET DEFAULT nextval('relationships_id_seq'::regclass);


--
-- Name: id; Type: DEFAULT; Schema: public; Owner: balabanpetr
--

ALTER TABLE ONLY requests ALTER COLUMN id SET DEFAULT nextval('requests_id_seq'::regclass);


--
-- Name: id; Type: DEFAULT; Schema: public; Owner: balabanpetr
--

ALTER TABLE ONLY rs_evaluations ALTER COLUMN id SET DEFAULT nextval('rs_evaluations_id_seq'::regclass);


--
-- Name: id; Type: DEFAULT; Schema: public; Owner: balabanpetr
--

ALTER TABLE ONLY rs_reputation_messages ALTER COLUMN id SET DEFAULT nextval('rs_reputation_messages_id_seq'::regclass);


--
-- Name: id; Type: DEFAULT; Schema: public; Owner: balabanpetr
--

ALTER TABLE ONLY rs_reputations ALTER COLUMN id SET DEFAULT nextval('rs_reputations_id_seq'::regclass);


--
-- Name: id; Type: DEFAULT; Schema: public; Owner: balabanpetr
--

ALTER TABLE ONLY student_teacher_profiles ALTER COLUMN id SET DEFAULT nextval('student_teacher_profiles_id_seq'::regclass);


--
-- Name: id; Type: DEFAULT; Schema: public; Owner: balabanpetr
--

ALTER TABLE ONLY subscriptions ALTER COLUMN id SET DEFAULT nextval('subscriptions_id_seq'::regclass);


--
-- Name: id; Type: DEFAULT; Schema: public; Owner: balabanpetr
--

ALTER TABLE ONLY taggings ALTER COLUMN id SET DEFAULT nextval('taggings_id_seq'::regclass);


--
-- Name: id; Type: DEFAULT; Schema: public; Owner: balabanpetr
--

ALTER TABLE ONLY tags ALTER COLUMN id SET DEFAULT nextval('tags_id_seq'::regclass);


--
-- Name: id; Type: DEFAULT; Schema: public; Owner: balabanpetr
--

ALTER TABLE ONLY users ALTER COLUMN id SET DEFAULT nextval('users_id_seq'::regclass);


--
-- Name: id; Type: DEFAULT; Schema: public; Owner: balabanpetr
--

ALTER TABLE ONLY videos ALTER COLUMN id SET DEFAULT nextval('videos_id_seq'::regclass);


--
-- Data for Name: active_admin_comments; Type: TABLE DATA; Schema: public; Owner: balabanpetr
--

COPY active_admin_comments (id, resource_id, resource_type, author_id, author_type, body, created_at, updated_at, namespace) FROM stdin;
\.


--
-- Name: active_admin_comments_id_seq; Type: SEQUENCE SET; Schema: public; Owner: balabanpetr
--

SELECT pg_catalog.setval('active_admin_comments_id_seq', 1, false);


--
-- Data for Name: admin_users; Type: TABLE DATA; Schema: public; Owner: balabanpetr
--

COPY admin_users (id, email, encrypted_password, reset_password_token, reset_password_sent_at, remember_created_at, sign_in_count, current_sign_in_at, last_sign_in_at, current_sign_in_ip, last_sign_in_ip, created_at, updated_at) FROM stdin;
1	admin@example.com	$2a$10$X//uar6xXRf47ZThFMM9S.SNiWZ1TP8HKLyAqMG0SYYz8.DVr3h1e	\N	\N	\N	1	2013-04-04 07:10:28.996816	2013-04-04 07:10:28.996816	68.36.245.60	68.36.245.60	2013-04-04 07:05:10.281112	2013-04-04 07:10:29.007354
\.


--
-- Name: admin_users_id_seq; Type: SEQUENCE SET; Schema: public; Owner: balabanpetr
--

SELECT pg_catalog.setval('admin_users_id_seq', 1, true);


--
-- Data for Name: comment_likes; Type: TABLE DATA; Schema: public; Owner: balabanpetr
--

COPY comment_likes (id, like_or_not, comment_id, created_at, updated_at, user_id) FROM stdin;
1	t	8	2013-08-01 12:07:23.423982	2013-08-01 12:07:23.423982	\N
2	t	13	2013-08-01 12:08:26.090704	2013-08-01 12:08:26.090704	\N
3	t	12	2013-08-01 12:08:28.970806	2013-08-01 12:08:28.970806	\N
4	t	14	2013-08-01 12:08:38.253571	2013-08-01 12:08:38.253571	\N
5	f	8	2013-08-01 12:17:07.125569	2013-08-01 12:17:07.125569	\N
6	t	9	2013-08-01 12:26:55.621243	2013-08-01 12:26:55.621243	\N
7	f	8	2013-08-01 12:27:05.058751	2013-08-01 12:27:05.058751	\N
8	t	8	2013-08-01 12:28:47.629813	2013-08-01 12:28:47.629813	\N
9	t	8	2013-08-01 12:29:28.926786	2013-08-01 12:29:28.926786	\N
10	t	9	2013-08-01 12:33:37.805279	2013-08-01 12:33:37.805279	\N
11	t	14	2013-08-01 12:37:12.166018	2013-08-01 12:37:12.166018	\N
12	t	16	2013-08-01 12:37:50.404654	2013-08-01 12:37:50.404654	\N
13	t	15	2013-08-01 12:38:16.408998	2013-08-01 12:38:16.408998	\N
14	t	12	2013-08-01 12:41:43.300972	2013-08-01 12:41:43.300972	\N
15	t	12	2013-08-01 12:42:21.088998	2013-08-01 12:42:21.088998	\N
16	f	15	2013-08-01 12:44:25.702011	2013-08-01 12:44:25.702011	\N
17	t	14	2013-08-01 12:45:08.042384	2013-08-01 12:45:08.042384	\N
18	t	14	2013-08-01 12:45:48.689686	2013-08-01 12:45:48.689686	\N
19	t	14	2013-08-01 12:46:55.785162	2013-08-01 12:46:55.785162	\N
20	t	15	2013-08-01 13:05:15.955579	2013-08-01 13:05:15.955579	\N
21	t	14	2013-08-01 13:39:57.68732	2013-08-01 13:39:57.68732	\N
22	t	14	2013-08-01 13:40:00.275707	2013-08-01 13:40:00.275707	\N
23	t	16	2013-08-01 13:43:19.46531	2013-08-01 13:43:19.46531	\N
24	f	16	2013-08-01 13:43:20.771674	2013-08-01 13:43:20.771674	\N
25	f	16	2013-08-01 13:43:21.341169	2013-08-01 13:43:21.341169	\N
26	f	16	2013-08-01 13:43:21.913224	2013-08-01 13:43:21.913224	\N
27	t	8	2013-08-01 13:43:28.339916	2013-08-01 13:43:28.339916	\N
28	t	8	2013-08-01 13:43:28.734696	2013-08-01 13:43:28.734696	\N
29	f	9	2013-08-01 13:43:30.248001	2013-08-01 13:43:30.248001	\N
30	f	9	2013-08-01 13:43:30.591903	2013-08-01 13:43:30.591903	\N
31	t	8	2013-08-01 14:02:58.321321	2013-08-01 14:02:58.321321	17
32	t	18	2013-08-01 14:06:34.045577	2013-08-01 14:06:34.045577	17
33	f	17	2013-08-01 14:06:54.857168	2013-08-01 14:06:54.857168	17
34	t	16	2013-08-01 14:06:57.313183	2013-08-01 14:06:57.313183	17
35	f	15	2013-08-01 14:06:59.586485	2013-08-01 14:06:59.586485	17
36	t	14	2013-08-01 14:07:02.565158	2013-08-01 14:07:02.565158	17
37	f	13	2013-08-01 14:07:04.639129	2013-08-01 14:07:04.639129	17
38	t	12	2013-08-01 14:07:06.50772	2013-08-01 14:07:06.50772	17
39	t	11	2013-08-01 14:07:07.597807	2013-08-01 14:07:07.597807	17
40	t	10	2013-08-01 14:07:08.583561	2013-08-01 14:07:08.583561	17
41	t	9	2013-08-01 14:07:09.717253	2013-08-01 14:07:09.717253	17
42	t	52	2013-08-01 14:15:23.81801	2013-08-01 14:15:23.81801	17
43	t	53	2013-08-01 14:24:13.612804	2013-08-01 14:24:13.612804	17
44	t	54	2013-08-06 16:31:08.591208	2013-08-06 16:31:08.591208	17
45	t	55	2013-08-06 16:31:11.228272	2013-08-06 16:31:11.228272	17
46	t	56	2013-08-06 16:32:18.415009	2013-08-06 16:32:18.415009	17
47	t	57	2013-08-06 16:40:03.918295	2013-08-06 16:40:03.918295	17
48	t	58	2013-08-06 16:42:40.267415	2013-08-06 16:42:40.267415	17
49	t	59	2013-08-06 16:43:27.859991	2013-08-06 16:43:27.859991	17
50	f	60	2013-08-06 16:44:43.76496	2013-08-06 16:44:43.76496	17
51	t	61	2013-08-06 16:46:31.320957	2013-08-06 16:46:31.320957	17
52	t	63	2013-08-06 17:00:34.690399	2013-08-06 17:00:34.690399	17
53	f	62	2013-08-06 17:00:36.967341	2013-08-06 17:00:36.967341	17
54	t	64	2013-08-08 13:44:29.903947	2013-08-08 13:44:29.903947	17
55	t	65	2013-08-08 13:46:13.489114	2013-08-08 13:46:13.489114	17
56	f	66	2013-08-08 13:46:31.213424	2013-08-08 13:46:31.213424	17
57	t	67	2013-08-08 13:47:12.248653	2013-08-08 13:47:12.248653	17
58	t	68	2013-08-08 13:49:25.640203	2013-08-08 13:49:25.640203	17
59	t	69	2013-08-08 13:50:09.363832	2013-08-08 13:50:09.363832	17
60	f	70	2013-08-08 13:51:06.184123	2013-08-08 13:51:06.184123	17
61	f	71	2013-08-08 13:52:36.033161	2013-08-08 13:52:36.033161	17
62	t	72	2013-08-08 13:53:10.156139	2013-08-08 13:53:10.156139	17
63	t	82	2013-08-26 16:01:52.675765	2013-08-26 16:01:52.675765	17
64	f	83	2013-08-26 16:02:05.4761	2013-08-26 16:02:05.4761	17
65	t	84	2013-09-14 06:31:17.484572	2013-09-14 06:31:17.484572	31
66	f	85	2013-09-14 06:31:19.535106	2013-09-14 06:31:19.535106	31
\.


--
-- Name: comment_likes_id_seq; Type: SEQUENCE SET; Schema: public; Owner: balabanpetr
--

SELECT pg_catalog.setval('comment_likes_id_seq', 66, true);


--
-- Data for Name: comments; Type: TABLE DATA; Schema: public; Owner: balabanpetr
--

COPY comments (id, content, commentable_id, commentable_type, created_at, updated_at, user_id, ancestry, parent_id, st_profile) FROM stdin;
1	comment	7	Video	2013-04-24 21:16:50.065466	2013-04-24 21:16:50.065466	2	\N	\N	f
2	great video	150	Video	2013-07-14 15:35:58.679437	2013-07-14 15:35:58.679437	14	\N	0	f
4	New test comment	187	Video	2013-07-25 11:48:03.77972	2013-07-25 11:48:03.77972	17	\N	1	f
5	asdfasdf asd asdf as	187	Video	2013-07-25 11:48:24.740753	2013-07-25 11:48:24.740753	17	\N	\N	f
6	asdf asdfasdf a	187	Video	2013-07-25 11:48:39.11033	2013-07-25 11:48:39.11033	17	\N	1	f
7	asdfa sd asdf	187	Video	2013-07-25 11:48:50.849386	2013-07-25 11:48:50.849386	17	\N	1	f
19	qwer	7	Video	2013-07-31 16:08:18.365472	2013-07-31 16:08:18.365472	17	\N	\N	f
20	qwer	7	Video	2013-07-31 16:08:29.849385	2013-07-31 16:08:29.849385	17	\N	1	f
21		7	Video	2013-07-31 16:08:52.676037	2013-07-31 16:08:52.676037	17	\N	2	f
22		7	Video	2013-07-31 16:09:02.005417	2013-07-31 16:09:02.005417	17	\N	3	f
23		7	Video	2013-07-31 16:09:12.131364	2013-07-31 16:09:12.131364	17	\N	5	f
24		7	Video	2013-07-31 16:09:31.810041	2013-07-31 16:09:31.810041	17	\N	5	f
25	asdf	7	Video	2013-07-31 16:11:08.62438	2013-07-31 16:11:08.62438	17	\N	6	f
26	qwer	7	Video	2013-07-31 16:12:35.017192	2013-07-31 16:12:35.017192	17	\N	24	f
27		7	Video	2013-07-31 16:15:39.152471	2013-07-31 16:15:39.152471	17	\N	\N	f
28	qwerqwerqwer	7	Video	2013-07-31 16:55:01.089164	2013-07-31 16:55:01.089164	17	\N	\N	f
29	adsfas dfas dfasd fasd fasdf 	7	Comment	2013-07-31 17:37:32.46211	2013-07-31 17:37:32.46211	17	\N	\N	f
30	asda sdf asdf a	7	Comment	2013-07-31 19:09:25.396421	2013-07-31 19:09:25.396421	17	\N	\N	f
31	Andrews reply comment	7	Comment	2013-07-31 19:11:17.135944	2013-07-31 19:11:17.135944	17	\N	\N	f
32	asdf asdf asf asdf	7	Comment	2013-07-31 19:13:03.8986	2013-07-31 19:13:03.8986	17	\N	\N	f
33	as fasdfa sfd asf asdf	1	Comment	2013-07-31 19:18:34.89774	2013-07-31 19:18:34.89774	17	\N	\N	f
34	asd fasdf asdf asf	28	Comment	2013-07-31 19:22:28.427817	2013-07-31 19:22:28.427817	17	\N	\N	f
35	asd fasdf asdf asdf	34	Comment	2013-07-31 19:36:59.865688	2013-07-31 19:36:59.865688	17	\N	\N	f
36	as dasf asfd asfd as	34	Comment	2013-07-31 19:37:44.9073	2013-07-31 19:37:44.9073	17	\N	\N	f
37	asdf asdfa d	34	Comment	2013-07-31 19:54:20.509442	2013-07-31 19:54:20.509442	17	\N	\N	f
38	фив фив ф афиа фиа	37	Comment	2013-07-31 19:57:34.435357	2013-07-31 19:57:34.435357	17	\N	\N	f
39	фи фив афиа фиа иф	38	Comment	2013-07-31 19:57:52.356562	2013-07-31 19:57:52.356562	17	\N	\N	f
40	asd fasfd	33	Comment	2013-07-31 20:01:04.301976	2013-07-31 20:01:04.301976	17	\N	\N	f
41	as asd asdf 	7	Video	2013-07-31 20:12:31.536427	2013-07-31 20:12:31.536427	17	\N	\N	f
42	sadf asfsadf asdf 	22	Comment	2013-07-31 20:15:10.630738	2013-07-31 20:15:10.630738	17	\N	\N	f
43	This is very stupid niger	5	Video	2013-07-31 20:16:57.849677	2013-07-31 20:16:57.849677	17	\N	\N	f
44	Ok	43	Comment	2013-07-31 20:17:10.203004	2013-07-31 20:17:10.203004	17	\N	\N	f
45	Ok okey	44	Comment	2013-07-31 20:17:22.479455	2013-07-31 20:17:22.479455	17	\N	\N	f
46	but wait, I am an niger to	45	Comment	2013-07-31 20:17:45.546859	2013-07-31 20:17:45.546859	17	\N	\N	f
47	You all are stupid	5	Video	2013-07-31 20:18:00.188148	2013-07-31 20:18:00.188148	17	\N	\N	f
48	I am stupid to	5	Video	2013-07-31 20:18:33.989149	2013-07-31 20:18:33.989149	17	\N	\N	f
49	Okey okey	5	Video	2013-07-31 20:18:42.560818	2013-07-31 20:18:42.560818	17	\N	\N	f
50	You are all supid	48	Comment	2013-07-31 20:18:54.260241	2013-07-31 20:18:54.260241	17	\N	\N	f
51	user freandly guis	49	Comment	2013-07-31 20:19:25.66833	2013-07-31 20:19:25.66833	17	\N	\N	f
53	This an pty reply\r\n	9	Comment	2013-08-01 14:15:45.803581	2013-08-01 14:15:45.803581	17	\N	\N	f
54	New test reply	53	Comment	2013-08-01 14:40:32.42456	2013-08-01 14:40:32.42456	17	\N	\N	f
55	Ti dyren	53	Comment	2013-08-01 14:41:17.910518	2013-08-01 14:41:17.910518	17	\N	\N	f
62	sfdgs fg sdfg sdfg 	8	Comment	2013-08-06 16:59:12.071884	2013-08-06 16:59:12.071884	17	\N	\N	f
63	kaka kakak kaka	8	Comment	2013-08-06 16:59:33.70807	2013-08-06 16:59:33.70807	17	\N	\N	f
69	фива фива фива ф	62	Comment	2013-08-08 13:49:58.845095	2013-08-08 13:49:58.845095	17	\N	\N	f
73	Some new message	18	StudentTeacherProfile	2013-08-17 15:46:26.34924	2013-08-17 15:46:26.34924	17	\N	\N	f
74	test\r\n	18	StudentTeacherProfile	2013-08-17 16:41:18.34634	2013-08-17 16:41:18.34634	17	\N	\N	f
75	test\r\n	18	StudentTeacherProfile	2013-08-17 16:41:47.401274	2013-08-17 16:41:47.401274	17	\N	\N	f
76	test\r\n	18	StudentTeacherProfile	2013-08-17 16:41:58.266758	2013-08-17 16:41:58.266758	17	\N	\N	f
77	test\r\n	18	StudentTeacherProfile	2013-08-17 16:42:12.769494	2013-08-17 16:42:12.769494	17	\N	\N	f
78	test\r\n	18	StudentTeacherProfile	2013-08-17 16:43:28.348182	2013-08-17 16:43:28.348182	17	\N	\N	f
79	another mail\r\n	18	StudentTeacherProfile	2013-08-17 16:43:55.837058	2013-08-17 16:43:55.837058	17	\N	\N	f
80	another message	18	StudentTeacherProfile	2013-08-17 16:45:49.469742	2013-08-17 16:45:49.469742	17	\N	\N	f
81	Some new test message with a bit of content	18	StudentTeacherProfile	2013-08-17 16:53:24.973427	2013-08-17 16:53:24.973427	17	\N	\N	f
82	asdfasdf	189	Video	2013-08-26 16:01:47.963579	2013-08-26 16:01:47.963579	17	\N	\N	f
83	asdfasdfa sdf 	82	Comment	2013-08-26 16:02:00.538991	2013-08-26 16:02:00.538991	17	\N	\N	f
84	asdf asdf a	199	Video	2013-09-14 06:31:04.128203	2013-09-14 06:31:04.128203	31	\N	\N	f
85	asdf asdf asdf a	84	Comment	2013-09-14 06:31:11.486951	2013-09-14 06:31:11.486951	31	\N	\N	f
86	asd fasdf asdf 	85	Comment	2013-09-14 06:31:35.531775	2013-09-14 06:31:35.531775	31	\N	\N	f
\.


--
-- Name: comments_id_seq; Type: SEQUENCE SET; Schema: public; Owner: balabanpetr
--

SELECT pg_catalog.setval('comments_id_seq', 86, true);


--
-- Data for Name: conversations; Type: TABLE DATA; Schema: public; Owner: balabanpetr
--

COPY conversations (id, subject, created_at, updated_at) FROM stdin;
2	Hi	2013-08-05 11:23:28.9846	2013-08-05 11:23:28.9846
3	asdf	2013-08-06 17:56:30.248292	2013-08-06 17:56:30.248292
4	asd asdf	2013-08-06 18:46:30.722388	2013-08-06 18:46:30.722388
5	Hi man	2013-08-06 18:51:54.463868	2013-08-06 18:51:54.463868
6	asdf asdf	2013-08-06 18:53:01.20196	2013-08-06 18:53:01.20196
7	asd f	2013-08-06 18:53:43.413932	2013-08-06 18:53:43.413932
8	asd f	2013-08-06 18:55:24.177443	2013-08-06 18:55:24.177443
9	asd f	2013-08-06 18:55:30.359095	2013-08-06 18:55:30.359095
10	asd f	2013-08-06 18:55:40.068317	2013-08-06 18:55:40.068317
11	asdf a	2013-08-06 18:56:33.295971	2013-08-06 18:56:33.295971
12	asdf a	2013-08-06 18:58:13.868257	2013-08-06 18:58:13.868257
13	asdf a	2013-08-06 19:14:03.87898	2013-08-06 19:14:03.87898
14	asdf a	2013-08-06 19:14:56.215147	2013-08-06 19:14:56.215147
15	asd asd	2013-08-06 19:19:38.889913	2013-08-06 19:19:38.889913
16	asdf asdf 	2013-08-08 09:19:53.566734	2013-08-08 09:19:53.566734
17	asdf af	2013-08-08 09:39:53.219592	2013-08-08 09:39:53.219592
18	asd fasdf	2013-08-08 09:40:59.678362	2013-08-08 09:40:59.678362
19	asd fasdf	2013-08-08 09:45:01.636431	2013-08-08 09:45:01.636431
20	asd fasdf	2013-08-08 09:45:22.312149	2013-08-08 09:45:22.312149
21	asd fasdf	2013-08-08 09:55:57.478493	2013-08-08 09:55:57.478493
22	asd fasdf	2013-08-08 09:56:55.277597	2013-08-08 09:56:55.277597
23	asd fasdf	2013-08-08 09:57:20.995241	2013-08-08 09:57:20.995241
24	hello	2013-08-08 11:40:11.218367	2013-08-08 11:40:11.218367
25	sdfasd	2013-08-08 11:41:47.63965	2013-08-08 11:41:47.63965
26	sdfasd	2013-08-08 11:43:04.299046	2013-08-08 11:43:04.299046
27	sdfasd	2013-08-08 11:44:53.16564	2013-08-08 11:44:53.16564
28	sdfasd	2013-08-08 11:45:31.115176	2013-08-08 11:45:31.115176
29	qwer	2013-08-08 11:48:55.122698	2013-08-08 11:48:55.122698
30	qwer	2013-08-08 11:50:22.217611	2013-08-08 11:50:22.217611
31	qwer	2013-08-08 11:52:17.74685	2013-08-08 11:52:17.74685
32	asdfas	2013-08-08 13:00:29.18935	2013-08-08 13:00:29.18935
34	Some subject	2013-08-16 13:03:13.250146	2013-08-16 13:03:13.250146
35	Some subject	2013-08-16 13:04:32.267722	2013-08-16 13:04:32.267722
36	Some subject	2013-08-16 13:17:46.486909	2013-08-16 13:17:46.486909
37	Some subject	2013-08-16 13:22:23.136667	2013-08-16 13:22:23.136667
38	Some subject	2013-08-16 13:25:17.595143	2013-08-16 13:25:17.595143
39	Some subject	2013-08-16 13:28:08.728183	2013-08-16 13:28:08.728183
40	Some subject	2013-08-16 13:28:24.307803	2013-08-16 13:28:24.307803
41	Some subject	2013-08-16 13:29:45.13148	2013-08-16 13:29:45.13148
42	Some subject	2013-08-16 13:30:14.223073	2013-08-16 13:30:14.223073
43	Some subject	2013-08-16 13:30:40.775476	2013-08-16 13:30:40.775476
44	Some subject	2013-08-16 13:32:19.654204	2013-08-16 13:32:19.654204
45	Some subject	2013-08-16 13:33:46.54599	2013-08-16 13:33:46.54599
46	Some subject	2013-08-16 13:34:00.592502	2013-08-16 13:34:00.592502
47	Some subject	2013-08-16 13:34:17.171433	2013-08-16 13:34:17.171433
48	Some subject	2013-08-16 13:36:26.394405	2013-08-16 13:36:26.394405
49	Some subject	2013-08-16 13:37:01.654902	2013-08-16 13:37:01.654902
50	Some subject	2013-08-16 13:37:14.642514	2013-08-16 13:37:14.642514
51	Some subject	2013-08-16 13:37:24.840843	2013-08-16 13:37:24.840843
52	Some subject	2013-08-16 13:37:56.219054	2013-08-16 13:37:56.219054
53	Some subject	2013-08-16 13:38:20.998065	2013-08-16 13:38:20.998065
54	Some subject	2013-08-16 13:40:09.821651	2013-08-16 13:40:09.821651
55	Some subject	2013-08-16 13:40:56.828365	2013-08-16 13:40:56.828365
56	Some subject	2013-08-16 13:42:04.307645	2013-08-16 13:42:04.307645
57	Some subject	2013-08-16 13:42:40.790809	2013-08-16 13:42:40.790809
58	Some subject	2013-08-16 13:45:10.787167	2013-08-16 13:45:10.787167
59	Some subject	2013-08-16 13:49:01.027507	2013-08-16 13:49:01.027507
60	Some subject	2013-08-16 13:49:28.489676	2013-08-16 13:49:28.489676
61	Some subject	2013-08-16 13:50:06.220723	2013-08-16 13:50:06.220723
62	Some subject	2013-08-16 13:50:26.872352	2013-08-16 13:50:26.872352
63	Some subject	2013-08-16 13:51:04.36921	2013-08-16 13:51:04.36921
64	Some subject	2013-08-16 13:52:13.920499	2013-08-16 13:52:13.920499
65	Some subject	2013-08-16 13:53:17.891242	2013-08-16 13:53:17.891242
66	Some subject	2013-08-16 13:54:13.663497	2013-08-16 13:54:13.663497
67	Some subject	2013-08-16 13:55:37.214621	2013-08-16 13:55:37.214621
68	Some subject	2013-08-16 13:56:05.080851	2013-08-16 13:56:05.080851
69	Some subject	2013-08-16 13:56:53.564269	2013-08-16 13:56:53.564269
70	Some subject	2013-08-16 13:57:46.09547	2013-08-16 13:57:46.09547
71	Some subject	2013-08-16 13:58:02.90683	2013-08-16 13:58:02.90683
72	Some subject	2013-08-16 13:58:52.390249	2013-08-16 13:58:52.390249
33	asdf	2013-08-08 13:02:35.801582	2013-08-16 14:01:42.861425
73	Some subject	2013-08-16 14:01:51.796031	2013-08-16 14:01:51.796031
74	Some subject	2013-08-16 14:02:32.501884	2013-08-16 14:02:32.501884
75	Biatch	2013-08-16 14:04:10.149028	2013-08-16 14:04:10.149028
76	you are memser	2013-08-16 14:05:39.497733	2013-08-16 14:05:39.497733
77	you are memser	2013-08-16 14:06:48.118338	2013-08-16 14:06:48.118338
78	asd fasdf 	2013-08-16 14:19:12.215451	2013-08-16 14:19:12.215451
79	asd fasdf 	2013-08-16 14:21:08.787767	2013-08-16 14:21:08.787767
80	asd fasdf 	2013-08-16 14:21:29.146034	2013-08-16 14:21:29.146034
81	asd fasdf 	2013-08-16 14:23:30.073386	2013-08-16 14:23:30.073386
82	asd fasdf 	2013-08-16 14:26:41.814071	2013-08-16 14:26:41.814071
83	asd fasdf 	2013-08-16 14:29:25.832876	2013-08-16 14:29:25.832876
\.


--
-- Name: conversations_id_seq; Type: SEQUENCE SET; Schema: public; Owner: balabanpetr
--

SELECT pg_catalog.setval('conversations_id_seq', 83, true);


--
-- Data for Name: flaggings; Type: TABLE DATA; Schema: public; Owner: balabanpetr
--

COPY flaggings (id, flaggable_type, flaggable_id, flagger_type, flagger_id, flag, created_at, updated_at) FROM stdin;
\.


--
-- Name: flaggings_id_seq; Type: SEQUENCE SET; Schema: public; Owner: balabanpetr
--

SELECT pg_catalog.setval('flaggings_id_seq', 1, true);


--
-- Data for Name: homes; Type: TABLE DATA; Schema: public; Owner: balabanpetr
--

COPY homes (id, created_at, updated_at) FROM stdin;
\.


--
-- Name: homes_id_seq; Type: SEQUENCE SET; Schema: public; Owner: balabanpetr
--

SELECT pg_catalog.setval('homes_id_seq', 1, false);


--
-- Data for Name: impressions; Type: TABLE DATA; Schema: public; Owner: balabanpetr
--

COPY impressions (id, impressionable_type, impressionable_id, user_id, controller_name, action_name, view_name, request_hash, ip_address, session_hash, message, referrer, created_at, updated_at) FROM stdin;
1	Video	1	\N	videos	show	\N	23fcac38ab18552b56bcc4ced99549f138941b342485017daaccaf1d7bfb1cb5	68.36.245.60	3b6dea97a463e66b97caa500e01e0843	\N	\N	2013-04-04 07:19:04.573202	2013-04-04 07:19:04.573202
2	Video	2	\N	videos	show	\N	1b8b9e4dbc32c42a81ee8c678959197ee48b9df72ac36ebecdfc729d9da734ac	68.36.245.60	3b6dea97a463e66b97caa500e01e0843	\N	\N	2013-04-04 07:19:09.264595	2013-04-04 07:19:09.264595
3	Video	1	1	videos	show	\N	50fd820b270437f3de02f6ee4b90d43a4cf9cd75521feeb85f5a3c07d37ba490	68.36.245.60	ab35bfede06e75eac6350464b5793f74	\N	http://mmagaptest.herokuapp.com/videos	2013-04-04 07:22:11.029342	2013-04-04 07:22:11.029342
4	Video	1	1	videos	show	\N	e66739a8550a3d1b047f5bd5f8ae9eacab87bee0c63235f5a75096ce12dae054	68.36.245.60	ab35bfede06e75eac6350464b5793f74	\N	http://mmagaptest.herokuapp.com/videos	2013-04-04 07:24:08.936012	2013-04-04 07:24:08.936012
5	Video	0	\N	videos	show	\N	8f2a967ea2a9f277f34a4f23552c3c5cb85665e09d0f8e56bc0812e0ecce14b2	134.129.72.88	cc69c4009df601f833ff698e233544a7	\N	\N	2013-04-04 21:21:04.021166	2013-04-04 21:21:04.021166
6	Video	0	\N	videos	show	\N	3bd8c90e5ae39fd9c04b4107c6a5e54059e77d3ee20df0878b6cc121dbec3496	134.129.72.88	cc69c4009df601f833ff698e233544a7	\N	\N	2013-04-04 21:21:15.291185	2013-04-04 21:21:15.291185
7	Video	1	1	videos	show	\N	957824722e884c046deeed225879b5460965dabc3c7f84b49922aa5d2b50fab6	68.36.245.60	ab35bfede06e75eac6350464b5793f74	\N	http://mmagaptest.herokuapp.com/videos	2013-04-05 04:02:29.16012	2013-04-05 04:02:29.16012
8	Video	93	1	videos	show	\N	034eda72cb1e26d53225d0c96fbdff7e1720aa85be24c2dbef1e35393c822901	68.36.245.60	ab35bfede06e75eac6350464b5793f74	\N	\N	2013-04-08 17:55:12.605595	2013-04-08 17:55:12.605595
9	Video	1	\N	videos	show	\N	302e100c1840e147ccf6cb0565c9e74f2c10f86e17e3de38b270c207fd0591a0	68.36.245.60	083ce03bee84ab6bfffe39d67028e4f7	\N	http://mmagaptest.herokuapp.com/	2013-04-14 22:52:46.009845	2013-04-14 22:52:46.009845
10	Video	1	1	videos	show	\N	9894addc464e73b4e48351d13b17747e7b25671e9a399e2514cdc9e69e097443	68.36.245.60	88d66c9e842aa982ae5be6b35a5527a9	\N	http://mmagaptest.herokuapp.com/videos	2013-04-16 14:34:48.891927	2013-04-16 14:34:48.891927
11	Video	2	4	videos	show	\N	03a4379ee8e9a533443b1e174636a2a13c623ff6c73c205fb7739e82bbb77608	67.244.11.36	210f6885ea22883082e023e028499cba	\N	http://mmagaptest.herokuapp.com/	2013-04-22 13:28:53.593088	2013-04-22 13:28:53.593088
12	Video	2	4	videos	show	\N	fd8d8d034499dcdccb8e6868127ae41a31e45b85b9d72a1805f4e2344c61818d	67.244.11.36	210f6885ea22883082e023e028499cba	\N	http://mmagaptest.herokuapp.com/videos	2013-04-22 13:29:32.64541	2013-04-22 13:29:32.64541
13	Video	2	2	videos	show	\N	328ad02ac791fe04d5e1eb3dca433ef49a805a53aa895ef248e82128dd991c02	68.36.245.60	83bf99c8c7179e265ab460480c7b22f6	\N	http://mmagaptest.herokuapp.com/	2013-04-22 13:36:57.706914	2013-04-22 13:36:57.706914
14	Video	2	2	videos	show	\N	4ae54906b3f72142eedbc69de29edbfdf3b3531262e5a6957917c3e7cb06fe89	68.36.245.60	83bf99c8c7179e265ab460480c7b22f6	\N	http://mmagaptest.herokuapp.com/videos/2	2013-04-22 13:37:01.096118	2013-04-22 13:37:01.096118
15	Video	1	2	videos	show	\N	d5f595cad8acf9d70b1d67ea86acc0b3adccacbbf6c2c6e065336e558fef76cd	68.36.245.60	83bf99c8c7179e265ab460480c7b22f6	\N	http://mmagaptest.herokuapp.com/	2013-04-22 13:37:20.413013	2013-04-22 13:37:20.413013
16	Video	3	4	videos	show	\N	db058901f3002df4423e539d27013509f8d820a5cf36c45d9b1bd9b185bf0013	67.244.11.36	210f6885ea22883082e023e028499cba	\N	http://mmagaptest.herokuapp.com/videos	2013-04-22 13:37:55.852246	2013-04-22 13:37:55.852246
17	Video	4	4	videos	show	\N	33e92cfc5a17f77deb69e0f05fd96e562133072b63b0756e44cfd21bfce47c9a	67.244.11.36	210f6885ea22883082e023e028499cba	\N	http://mmagaptest.herokuapp.com/videos	2013-04-22 13:58:02.239304	2013-04-22 13:58:02.239304
18	Video	5	4	videos	show	\N	234a8725da6d05773e05b87dd87ebfe9593d28f800046b096a8c8424b817bba5	67.244.11.36	210f6885ea22883082e023e028499cba	\N	http://mmagaptest.herokuapp.com/videos	2013-04-22 14:01:33.20999	2013-04-22 14:01:33.20999
19	Video	6	4	videos	show	\N	3eae36f6cdb7a0be575a68e9d9226941aff408c0e9d789fd7612c47e384981f8	67.244.11.36	210f6885ea22883082e023e028499cba	\N	http://mmagaptest.herokuapp.com/videos	2013-04-22 14:19:30.074994	2013-04-22 14:19:30.074994
20	Video	7	4	videos	show	\N	3cf87417ca42337c077d60845fcf4826d11c18515bb7031303e866059f578043	67.244.11.36	210f6885ea22883082e023e028499cba	\N	http://mmagaptest.herokuapp.com/videos	2013-04-22 14:21:45.34137	2013-04-22 14:21:45.34137
21	Video	3	2	videos	show	\N	1370dc71c93c32a13e7cd06b5c1400bc78a4ee2e913f22cf5b739f6a98b9505c	68.36.245.60	83bf99c8c7179e265ab460480c7b22f6	\N	http://mmagaptest.herokuapp.com/videos	2013-04-22 15:04:50.638546	2013-04-22 15:04:50.638546
22	Video	7	2	videos	show	\N	2448259de2d0e85a1e011d119be45197868eb21f0327f24046dd36bd3e59f93d	68.36.245.60	83bf99c8c7179e265ab460480c7b22f6	\N	http://mmagaptest.herokuapp.com/videos	2013-04-22 15:07:51.343642	2013-04-22 15:07:51.343642
23	Video	1	2	videos	show	\N	d5a4258439735030c73e23973f5e61dd2d9de5f67daba7b66f30a0cf4f36e215	68.36.245.60	83bf99c8c7179e265ab460480c7b22f6	\N	http://mmagaptest.herokuapp.com/videos/7	2013-04-22 15:07:58.706086	2013-04-22 15:07:58.706086
24	Video	1	2	videos	show	\N	e3d72ff9f4cbae9a7b18c354382743134be7dffbf3ed96d406e790aabcfe71ff	68.36.245.60	83bf99c8c7179e265ab460480c7b22f6	\N	http://mmagaptest.herokuapp.com/videos/7	2013-04-22 15:07:58.771053	2013-04-22 15:07:58.771053
25	Video	1	2	videos	show	\N	339b523b493bea9736909998043aa6bd9bca0c509e5a600d36d199c34b920a01	68.36.245.60	83bf99c8c7179e265ab460480c7b22f6	\N	http://mmagaptest.herokuapp.com/videos/7	2013-04-22 15:30:31.954245	2013-04-22 15:30:31.954245
26	Video	7	2	videos	show	\N	3a721d653317d5a7d13b8d91934e2269bfe8e862a1df4ee5a79bb8283b0e43c3	208.185.19.18	83bf99c8c7179e265ab460480c7b22f6	\N	http://mmagaptest.herokuapp.com/videos	2013-04-24 20:12:49.753259	2013-04-24 20:12:49.753259
27	Video	7	2	videos	show	\N	61b7ff0abec811e59b5284470876e3432965ecd92961a9823b04dc2f8a21a419	208.185.19.18	83bf99c8c7179e265ab460480c7b22f6	\N	http://mmagaptest.herokuapp.com/videos	2013-04-24 20:14:00.852409	2013-04-24 20:14:00.852409
28	Video	7	2	videos	show	\N	d6bf22528090835bd65fc54d71ccc2c68a2b9fecafd27005e631c095ec4c8587	208.185.19.18	83bf99c8c7179e265ab460480c7b22f6	\N	http://mmagaptest.herokuapp.com/videos	2013-04-24 20:17:08.101961	2013-04-24 20:17:08.101961
29	Video	7	2	videos	show	\N	f1caf63fc89daca1f7a53014c17833a73e80239098f6e489acfe7f93f6bd44b4	208.185.19.18	83bf99c8c7179e265ab460480c7b22f6	\N	http://mmagaptest.herokuapp.com/videos	2013-04-24 21:16:32.40352	2013-04-24 21:16:32.40352
30	Video	7	2	videos	show	\N	b51357eec46554d63cd01886701e4ac4a33d7ba633d828cafb84494b9faa4e78	208.185.19.18	83bf99c8c7179e265ab460480c7b22f6	\N	http://mmagaptest.herokuapp.com/admin	2013-04-24 21:16:45.210437	2013-04-24 21:16:45.210437
31	Video	7	2	videos	show	\N	546bd9b9a4b82c6f3af920bfa1dd8df6f91367cfe885e7a2ba91a34307363e44	208.185.19.18	83bf99c8c7179e265ab460480c7b22f6	\N	http://mmagaptest.herokuapp.com/videos/7	2013-04-24 21:16:52.307985	2013-04-24 21:16:52.307985
32	Video	8	5	videos	show	\N	3f1dc97cef3b81e93d4f9e65f4524de647bb9230c6021e8c9222d567839258e8	67.244.11.36	c2bb47d1ba8596730958a9e9fcf46cf6	\N	http://mmagaptest.herokuapp.com/	2013-04-25 18:27:11.114181	2013-04-25 18:27:11.114181
33	Video	9	5	videos	show	\N	fcc5867df07c720764e16bb23153014af8e85a1bb693eb095550d033f8d3ee95	67.244.11.36	c2bb47d1ba8596730958a9e9fcf46cf6	\N	http://mmagaptest.herokuapp.com/videos	2013-04-25 18:28:31.490058	2013-04-25 18:28:31.490058
34	Video	10	5	videos	show	\N	1d5074ff3da84c7726762991e872b76f73213829dc3a8250ffbb2824f2c3d236	67.244.11.36	c2bb47d1ba8596730958a9e9fcf46cf6	\N	http://mmagaptest.herokuapp.com/videos	2013-04-25 18:30:11.891865	2013-04-25 18:30:11.891865
35	Video	11	5	videos	show	\N	b29aba512a3f7b00ebf187736f5aeecad33653d1c037d979117241034f4ba311	67.244.11.36	c2bb47d1ba8596730958a9e9fcf46cf6	\N	http://mmagaptest.herokuapp.com/videos	2013-04-25 18:31:28.855132	2013-04-25 18:31:28.855132
36	Video	12	5	videos	show	\N	300a6a7ce0803ad59f23caeba21c484bd496250f4cc10ba128d1d67b9996b8db	67.244.11.36	c2bb47d1ba8596730958a9e9fcf46cf6	\N	http://mmagaptest.herokuapp.com/videos	2013-04-25 18:32:43.180661	2013-04-25 18:32:43.180661
40	Video	16	5	videos	show	\N	3cb585f2f29c11c392254af5b39f22f80347ed4580975a441cacc28aa90eea5f	67.244.11.36	c2bb47d1ba8596730958a9e9fcf46cf6	\N	http://mmagaptest.herokuapp.com/videos	2013-04-25 18:39:49.540808	2013-04-25 18:39:49.540808
37	Video	13	5	videos	show	\N	ca989bfc8827ecbc5963ae7c0ecc06e680b35ec8ff496b79469c004cb7dcb43e	67.244.11.36	c2bb47d1ba8596730958a9e9fcf46cf6	\N	http://mmagaptest.herokuapp.com/videos	2013-04-25 18:33:47.399358	2013-04-25 18:33:47.399358
38	Video	14	5	videos	show	\N	12a79eeb0fda890fadf6d77a2f02da9358df29fd2658c489eccefebee47fd8bb	67.244.11.36	c2bb47d1ba8596730958a9e9fcf46cf6	\N	http://mmagaptest.herokuapp.com/videos	2013-04-25 18:36:12.578659	2013-04-25 18:36:12.578659
39	Video	15	5	videos	show	\N	56711de9fa50a32430a9a7ec34d86017e19bf89b3db0b2c6f288e6fbb0459e21	67.244.11.36	c2bb47d1ba8596730958a9e9fcf46cf6	\N	http://mmagaptest.herokuapp.com/videos	2013-04-25 18:37:22.881262	2013-04-25 18:37:22.881262
41	Video	16	2	videos	show	\N	02b609f81af64f7c4c110a0246ee2fb4b1f1a9bad48a395d4caf2fd0f3933840	68.36.245.60	83bf99c8c7179e265ab460480c7b22f6	\N	http://mmagaptest.herokuapp.com/videos	2013-04-26 05:23:43.006292	2013-04-26 05:23:43.006292
42	Video	15	2	videos	show	\N	53e65327565401c4356b14d9c58c457337c1a52951b778ce7dcb197910210889	68.36.245.60	83bf99c8c7179e265ab460480c7b22f6	\N	http://mmagaptest.herokuapp.com/videos	2013-04-26 05:23:51.242536	2013-04-26 05:23:51.242536
43	Video	15	2	videos	show	\N	9adb6269e2ee80c839342ac59afacace1b6688061a0cdb96543459f41807251e	68.36.245.60	83bf99c8c7179e265ab460480c7b22f6	\N	http://mmagaptest.herokuapp.com/videos	2013-04-26 05:23:57.414938	2013-04-26 05:23:57.414938
44	Video	16	2	videos	show	\N	b72afbe68452585baa4d42ca93edc07b4879fed415f97eb886cd57e1fbf5c83a	68.36.245.60	83bf99c8c7179e265ab460480c7b22f6	\N	http://mmagaptest.herokuapp.com/videos	2013-04-28 22:14:20.558868	2013-04-28 22:14:20.558868
45	Video	16	2	videos	show	\N	c9275217833c29cf2e804c87badd8d82b3e5fe6037b8ba447b3a016f7c59fa50	68.36.245.60	83bf99c8c7179e265ab460480c7b22f6	\N	http://mmagaptest.herokuapp.com/videos	2013-04-28 22:15:17.51436	2013-04-28 22:15:17.51436
46	Video	16	2	videos	show	\N	a75f1d0ed1755cf3517eea8618ea835fc1203f4bc114a5f4a704836a85c5feef	68.36.245.60	83bf99c8c7179e265ab460480c7b22f6	\N	http://mmagaptest.herokuapp.com/videos	2013-04-28 22:15:23.232711	2013-04-28 22:15:23.232711
47	Video	16	2	videos	show	\N	bacc9440ffd26d839dfc3b928f6cba5e9fe31b7b8c1b8b8ae730d910922b6965	68.36.245.60	83bf99c8c7179e265ab460480c7b22f6	\N	http://mmagaptest.herokuapp.com/videos	2013-04-28 22:15:26.348672	2013-04-28 22:15:26.348672
48	Video	15	2	videos	show	\N	b4eea5dcab04d5509cbc0d5aaf9821a6bf19cb1d873e5e72388c59a031a038c4	68.36.245.60	83bf99c8c7179e265ab460480c7b22f6	\N	http://mmagaptest.herokuapp.com/videos	2013-04-28 22:15:30.751272	2013-04-28 22:15:30.751272
49	Video	16	2	videos	show	\N	b9b7f422712641585b1d19da1f0aa402f910aa27808e4867eaba81b993cf9e25	68.36.245.60	83bf99c8c7179e265ab460480c7b22f6	\N	http://mmagaptest.herokuapp.com/videos	2013-04-28 22:15:36.165906	2013-04-28 22:15:36.165906
50	Video	16	2	videos	show	\N	986cb1dcf6c96ac3cecffee8730a650800a0d4bd3a63ed92318cf0c03bd72ab6	68.36.245.60	83bf99c8c7179e265ab460480c7b22f6	\N	http://mmagaptest.herokuapp.com/videos	2013-04-28 22:16:23.690927	2013-04-28 22:16:23.690927
51	Video	16	2	videos	show	\N	f41cff59af38ed7e4541615fdf36c65d375e99a413b7579ec8faafecee304661	68.36.245.60	83bf99c8c7179e265ab460480c7b22f6	\N	http://mmagaptest.herokuapp.com/videos	2013-04-28 22:25:30.283285	2013-04-28 22:25:30.283285
52	Video	15	\N	videos	show	\N	4dd290817f3844f815688d95f66043a6030f8f23024d0ecfdcd5f9c5af871610	67.244.11.36	0ecbd586de0b749db4dd6fff371498eb	\N	http://mmagaptest.herokuapp.com/videos	2013-04-30 21:09:21.023969	2013-04-30 21:09:21.023969
53	Video	10	\N	videos	show	\N	c6e90b96629b02ff779cd6279f38a7cb772599bc4ea0a17dcf70202726be499a	67.244.11.36	0ecbd586de0b749db4dd6fff371498eb	\N	http://mmagaptest.herokuapp.com/videos/15	2013-04-30 21:09:59.93732	2013-04-30 21:09:59.93732
54	Video	16	\N	videos	show	\N	5aba2c0add1a4894e249271a5ad481c261be0ef5fe079f64e4e75955c4a2c466	67.244.11.36	0ecbd586de0b749db4dd6fff371498eb	\N	http://mmagaptest.herokuapp.com/videos	2013-04-30 21:10:30.181631	2013-04-30 21:10:30.181631
55	Video	13	\N	videos	show	\N	d325ada472437aafaa8501cd2c01a3bdc72b8057694dcf2acf5c242ae2bc9378	74.178.166.140	\N	\N	http://mmagaptest.herokuapp.com/videos	2013-05-04 23:44:08.825087	2013-05-04 23:44:08.825087
56	Video	16	2	videos	show	\N	4797314e5b3079ccf0a421aa730a859d8f4de73eb14903c8db1f5f64b657c041	68.36.245.60	83bf99c8c7179e265ab460480c7b22f6	\N	http://mmagaptest.herokuapp.com/videos	2013-05-05 03:19:54.08377	2013-05-05 03:19:54.08377
57	Video	9	\N	videos	show	\N	6e14a29ec82263201034da15b665f75fb84692b695648050d1c070c78507db72	90.206.145.188	fb464fa60bb573d1ccdb7a6206537491	\N	http://mmagaptest.herokuapp.com/	2013-05-07 08:57:04.360428	2013-05-07 08:57:04.360428
58	Video	17	6	videos	show	\N	46a767628fd8b945650fbff60b29f6d82574810b6e8c15f9c0bcf1b4a5366837	67.244.11.36	0e52ed1b1a1a2163fa91d99927976c66	\N	http://mmagaptest.herokuapp.com/videos	2013-05-10 15:35:17.156931	2013-05-10 15:35:17.156931
59	Video	18	6	videos	show	\N	2dc7002ac1363a3515ffcdebb109efd72af3027993ec3a710d660b100732e5cb	67.244.11.36	0e52ed1b1a1a2163fa91d99927976c66	\N	http://mmagaptest.herokuapp.com/videos	2013-05-10 15:36:26.846849	2013-05-10 15:36:26.846849
60	Video	19	6	videos	show	\N	a48b21f22d1126d714b0cf58595c32617da5b9078267b2c820b0848d08d6af6e	67.244.11.36	0e52ed1b1a1a2163fa91d99927976c66	\N	http://mmagaptest.herokuapp.com/videos	2013-05-10 15:37:14.325823	2013-05-10 15:37:14.325823
61	Video	20	6	videos	show	\N	ce872a01b4ffecc22a1c0791f7dbe67466ba111a0d57acb89428438ae55f0b9c	67.244.11.36	0e52ed1b1a1a2163fa91d99927976c66	\N	http://mmagaptest.herokuapp.com/videos	2013-05-10 15:42:55.782487	2013-05-10 15:42:55.782487
62	Video	21	6	videos	show	\N	8aca354862e0a169e6f757327324417344c1a6674f41d5a42db6e875584a0b2a	67.244.11.36	0e52ed1b1a1a2163fa91d99927976c66	\N	http://mmagaptest.herokuapp.com/videos	2013-05-10 15:43:52.064959	2013-05-10 15:43:52.064959
63	Video	22	6	videos	show	\N	31944a60c6f42a53902c139ab269db1e96abc70a5ff0af0ec227c207f71878a6	67.244.11.36	0e52ed1b1a1a2163fa91d99927976c66	\N	http://mmagaptest.herokuapp.com/videos	2013-05-10 15:44:53.136816	2013-05-10 15:44:53.136816
64	Video	23	6	videos	show	\N	0fa97dfb7e68de75811d9bd7217bc8865620edec30ddf9d85e7ab92dc37e90a6	67.244.11.36	0e52ed1b1a1a2163fa91d99927976c66	\N	http://mmagaptest.herokuapp.com/videos	2013-05-10 15:45:56.958775	2013-05-10 15:45:56.958775
65	Video	24	6	videos	show	\N	13244333cfc541c338ecf589e4003054815f45bc8cc6193768d604d6c2a929c2	67.244.11.36	0e52ed1b1a1a2163fa91d99927976c66	\N	http://mmagaptest.herokuapp.com/videos	2013-05-10 15:46:48.309786	2013-05-10 15:46:48.309786
66	Video	25	6	videos	show	\N	ef558128d14c404aa34fee538f2aa0be1da4572a61a2e3cdaea173494165c919	67.244.11.36	0e52ed1b1a1a2163fa91d99927976c66	\N	http://mmagaptest.herokuapp.com/videos	2013-05-10 15:50:15.228133	2013-05-10 15:50:15.228133
67	Video	26	6	videos	show	\N	37fe37af634b2c56a160afcd6304384efb034b45f1ce5512c6f2c15773523d6e	67.244.11.36	0e52ed1b1a1a2163fa91d99927976c66	\N	http://mmagaptest.herokuapp.com/videos	2013-05-10 15:51:27.314106	2013-05-10 15:51:27.314106
68	Video	27	6	videos	show	\N	235516e4d90297448a256a4cde4cabd623c19c340edd5d4f2ec84916da4f375f	67.244.11.36	0e52ed1b1a1a2163fa91d99927976c66	\N	http://mmagaptest.herokuapp.com/videos	2013-05-10 15:52:08.825017	2013-05-10 15:52:08.825017
69	Video	28	6	videos	show	\N	bcb6cd422aaf529994c8ff1f4767afa85865c942674852937aa1de26eba0c57b	67.244.11.36	0e52ed1b1a1a2163fa91d99927976c66	\N	http://mmagaptest.herokuapp.com/videos	2013-05-10 15:53:45.201582	2013-05-10 15:53:45.201582
70	Video	28	\N	videos	show	\N	d8e2dc96445e5cba330f6f8910180c6e47f13026a4f7f9f528055a4219f43cfa	27.4.198.89	70b7e391bc54764463d2fc4fa7353cbe	\N	http://mmagaptest.herokuapp.com/	2013-05-20 06:06:26.658028	2013-05-20 06:06:26.658028
71	Video	29	8	videos	show	\N	28df085c731fec32fe8fa7c42c1def06b48f32937a51bca9b731bbf14836e839	67.244.11.36	4b7d127896dce94fca491d32398aeff6	\N	http://mmagaptest.herokuapp.com/	2013-05-31 20:24:02.583596	2013-05-31 20:24:02.583596
72	Video	30	8	videos	show	\N	7088241bec15c441bf8492438e499fcbe349cec25dc23980f0a8d9ba2199e46f	67.244.11.36	4b7d127896dce94fca491d32398aeff6	\N	http://mmagaptest.herokuapp.com/videos	2013-05-31 20:31:23.726186	2013-05-31 20:31:23.726186
73	Video	31	8	videos	show	\N	4d95665f14e719b10074f2db70247c1579136799b0e49c4e315ec17a7f621506	67.244.11.36	4b7d127896dce94fca491d32398aeff6	\N	http://mmagaptest.herokuapp.com/videos	2013-05-31 20:32:53.893385	2013-05-31 20:32:53.893385
74	Video	32	8	videos	show	\N	66bc093b7b58f1d53f5a350cdca5d3487cec2a490585685c64ba365860137cb9	67.244.11.36	4b7d127896dce94fca491d32398aeff6	\N	http://mmagaptest.herokuapp.com/videos	2013-05-31 20:37:15.513475	2013-05-31 20:37:15.513475
78	Video	36	8	videos	show	\N	586b92a72ed889262259ffa88a7b115eb469dbdb434a7f53be3ef641896543e7	67.244.11.36	4b7d127896dce94fca491d32398aeff6	\N	http://mmagaptest.herokuapp.com/videos	2013-05-31 20:44:02.270209	2013-05-31 20:44:02.270209
82	Video	40	8	videos	show	\N	08abe3f6ef8d4db90d835f71444415b1845cb88780a1113e0d8af9759230b043	67.244.11.36	4b7d127896dce94fca491d32398aeff6	\N	http://mmagaptest.herokuapp.com/videos	2013-05-31 20:50:28.451151	2013-05-31 20:50:28.451151
86	Video	44	8	videos	show	\N	10e8118076d49eab8f1a74f1b03c7f2dbc8a9fd63d3eb4b686b49e14b3baeace	67.244.11.36	4b7d127896dce94fca491d32398aeff6	\N	http://mmagaptest.herokuapp.com/videos	2013-05-31 21:02:20.467662	2013-05-31 21:02:20.467662
91	Video	49	8	videos	show	\N	58fa4ac76805bc54f845b411d231dc223edf1e737c8d852cab722aa3e0ef538d	67.244.11.36	4b7d127896dce94fca491d32398aeff6	\N	http://mmagaptest.herokuapp.com/videos	2013-05-31 21:19:36.505079	2013-05-31 21:19:36.505079
75	Video	33	8	videos	show	\N	7cac74c0109585a5b9bf1c48d50fd3e41df6f84546ed0a81c5a2a8eeff7a26e0	67.244.11.36	4b7d127896dce94fca491d32398aeff6	\N	http://mmagaptest.herokuapp.com/videos	2013-05-31 20:40:35.242331	2013-05-31 20:40:35.242331
79	Video	37	8	videos	show	\N	5cedba71d7a947314d3d2abb913ba8cc2d5a04d471c6348f9801c2f4d0855c34	67.244.11.36	4b7d127896dce94fca491d32398aeff6	\N	http://mmagaptest.herokuapp.com/videos	2013-05-31 20:45:12.364765	2013-05-31 20:45:12.364765
83	Video	41	8	videos	show	\N	8480effcb992255204ad92b51e9b9a21d81370c61b60f0fb16dc4917c1ff9fe1	67.244.11.36	4b7d127896dce94fca491d32398aeff6	\N	http://mmagaptest.herokuapp.com/videos	2013-05-31 20:51:10.805378	2013-05-31 20:51:10.805378
87	Video	45	8	videos	show	\N	48eb332785c24eac458488aa67c8ae3a8bd4795f7abcdd5f9bdbb89b99083895	67.244.11.36	4b7d127896dce94fca491d32398aeff6	\N	http://mmagaptest.herokuapp.com/videos	2013-05-31 21:03:47.875993	2013-05-31 21:03:47.875993
92	Video	50	8	videos	show	\N	5d8b082999fd1d6f7127df4231e1a5526dc8ed6b2495b5e3757dce8f1f108f5e	67.244.11.36	4b7d127896dce94fca491d32398aeff6	\N	http://mmagaptest.herokuapp.com/videos	2013-05-31 21:20:37.377737	2013-05-31 21:20:37.377737
76	Video	34	8	videos	show	\N	84b687db23f8b0b2504a48842400a240550ff54a764039a5995f53873703198c	67.244.11.36	4b7d127896dce94fca491d32398aeff6	\N	http://mmagaptest.herokuapp.com/videos	2013-05-31 20:42:07.295955	2013-05-31 20:42:07.295955
80	Video	38	8	videos	show	\N	84909f863dcdb9385576591b4a332769dbeaefcc7be014315763a9bd683889df	67.244.11.36	4b7d127896dce94fca491d32398aeff6	\N	http://mmagaptest.herokuapp.com/videos	2013-05-31 20:48:07.181239	2013-05-31 20:48:07.181239
84	Video	42	8	videos	show	\N	63e7216ba1287ba3b3c78d32e458bf016816fd964a7c6ca7b98ae4bcc0528d36	67.244.11.36	4b7d127896dce94fca491d32398aeff6	\N	http://mmagaptest.herokuapp.com/videos	2013-05-31 20:52:05.799718	2013-05-31 20:52:05.799718
88	Video	46	8	videos	show	\N	ff9a018bc7746012c309b59bbcd9bdc146311aace44747bc75b62c44b13e91da	67.244.11.36	4b7d127896dce94fca491d32398aeff6	\N	http://mmagaptest.herokuapp.com/videos	2013-05-31 21:04:45.170817	2013-05-31 21:04:45.170817
89	Video	47	8	videos	show	\N	6a6e5cd60aa018b68af2a4d9e29188e532cbdf39fc23ad2842a42dd4a8a557bf	67.244.11.36	4b7d127896dce94fca491d32398aeff6	\N	http://mmagaptest.herokuapp.com/videos	2013-05-31 21:15:26.249536	2013-05-31 21:15:26.249536
77	Video	35	8	videos	show	\N	3f4e2e2a90ef39ab8eca0fbdb4d32e775850f2e3d3869dd9014219fb12d311ed	67.244.11.36	4b7d127896dce94fca491d32398aeff6	\N	http://mmagaptest.herokuapp.com/videos	2013-05-31 20:42:54.736516	2013-05-31 20:42:54.736516
81	Video	39	8	videos	show	\N	c2f7bb98db28c5a258ef679fb6a0e806fc5795e1f7f92072a84d3054100e7207	67.244.11.36	4b7d127896dce94fca491d32398aeff6	\N	http://mmagaptest.herokuapp.com/videos	2013-05-31 20:49:02.363978	2013-05-31 20:49:02.363978
85	Video	43	8	videos	show	\N	8f4b77141d87f5209142fd6eb80e35552e11494e56a7e77ba1172df6015d5eb9	67.244.11.36	4b7d127896dce94fca491d32398aeff6	\N	http://mmagaptest.herokuapp.com/videos	2013-05-31 20:54:48.380532	2013-05-31 20:54:48.380532
90	Video	48	8	videos	show	\N	1bbfad7461256cf063c860d8a4ff4a20c304ec8c2352169ada0f10516798aece	67.244.11.36	4b7d127896dce94fca491d32398aeff6	\N	http://mmagaptest.herokuapp.com/videos	2013-05-31 21:17:10.922654	2013-05-31 21:17:10.922654
93	Video	51	9	videos	show	\N	d845280fe53ab61cc8256a16476a4d4700c1244b4a61bdcc09e4d091c15af93f	67.244.11.36	3a96e4be2d092385b0a0606c97c77ee8	\N	http://mmagaptest.herokuapp.com/	2013-06-02 23:18:43.354885	2013-06-02 23:18:43.354885
94	Video	52	9	videos	show	\N	3966e57e3c4af53379cf4387ce311793bc69a486586d3c42659848d35582aa25	67.244.11.36	3a96e4be2d092385b0a0606c97c77ee8	\N	http://mmagaptest.herokuapp.com/videos	2013-06-02 23:19:42.914574	2013-06-02 23:19:42.914574
95	Video	53	9	videos	show	\N	12b01759cd801222d7f11f0f94d4483f9e1ec56dc13394aa09b8b810b6e6f728	67.244.11.36	3a96e4be2d092385b0a0606c97c77ee8	\N	http://mmagaptest.herokuapp.com/videos	2013-06-02 23:20:46.179846	2013-06-02 23:20:46.179846
96	Video	54	9	videos	show	\N	cb27c2afdae0273d41fda68989c5ccfe47e080b3dd366a22fc0badaaadf78a47	67.244.11.36	3a96e4be2d092385b0a0606c97c77ee8	\N	http://mmagaptest.herokuapp.com/videos	2013-06-02 23:21:46.759478	2013-06-02 23:21:46.759478
97	Video	55	9	videos	show	\N	ed2121586a69ab9bb765ecf640fa570821f94bedc6316ecc172f0ae2eba76503	67.244.11.36	3a96e4be2d092385b0a0606c97c77ee8	\N	http://mmagaptest.herokuapp.com/videos	2013-06-02 23:22:51.328005	2013-06-02 23:22:51.328005
98	Video	56	9	videos	show	\N	6bfd61462203e8c32daf57cdf27315f0276e161f94c3aa1f3daa3a6089ff954b	67.244.11.36	f5334dae96261a8118516db39376ae77	\N	http://mmagaptest.herokuapp.com/	2013-06-05 16:11:31.073793	2013-06-05 16:11:31.073793
99	Video	57	9	videos	show	\N	0d565cb691424dc6647e4ee8d4b94af10dac9e866da3e9bb9b2be283b68a7cf6	67.244.11.36	f5334dae96261a8118516db39376ae77	\N	http://mmagaptest.herokuapp.com/videos	2013-06-05 16:12:56.449595	2013-06-05 16:12:56.449595
100	Video	58	9	videos	show	\N	1c8423a19aa21fb49096edcaae9fa7e404cec8953b834d8dc5abb1431f39bfd6	67.244.11.36	f5334dae96261a8118516db39376ae77	\N	http://mmagaptest.herokuapp.com/videos	2013-06-05 16:15:04.764813	2013-06-05 16:15:04.764813
101	Video	59	9	videos	show	\N	f0469f0956f26dd0baabe1f0cececfa829028253a0c42f58734f0da59db82871	67.244.11.36	f5334dae96261a8118516db39376ae77	\N	http://mmagaptest.herokuapp.com/videos	2013-06-05 16:16:35.581606	2013-06-05 16:16:35.581606
102	Video	60	9	videos	show	\N	b22faf1ebcab60a3f4d88741e95f35cbd805f436430fea8a1ae1e329302551f1	67.244.11.36	f5334dae96261a8118516db39376ae77	\N	http://mmagaptest.herokuapp.com/videos	2013-06-05 16:18:21.802797	2013-06-05 16:18:21.802797
103	Video	61	9	videos	show	\N	b1c782f87eff75b9a5718e4bd04d25b37478a2d0fedce4b140e2bdc2a3be92a2	67.244.11.36	f5334dae96261a8118516db39376ae77	\N	http://mmagaptest.herokuapp.com/videos	2013-06-05 16:19:24.308004	2013-06-05 16:19:24.308004
104	Video	62	9	videos	show	\N	7ff56bd2368c113212ac2ee4551b234bb6cbaf2efad07f3c1c71439f76a29e96	67.244.11.36	f5334dae96261a8118516db39376ae77	\N	http://mmagaptest.herokuapp.com/videos	2013-06-05 16:26:27.263677	2013-06-05 16:26:27.263677
105	Video	63	9	videos	show	\N	e4ce3b99fbabb64b2a9cf79838b4cd8fdee19dc349b9078ad4945f9806911959	67.244.11.36	f5334dae96261a8118516db39376ae77	\N	http://mmagaptest.herokuapp.com/videos	2013-06-05 16:27:40.855733	2013-06-05 16:27:40.855733
106	Video	64	9	videos	show	\N	e187a086b370d602d43ddf654145c6993cdfbea8cf0198d92ad6ee5765e09dc4	67.244.11.36	f5334dae96261a8118516db39376ae77	\N	http://mmagaptest.herokuapp.com/videos	2013-06-05 16:28:27.05309	2013-06-05 16:28:27.05309
107	Video	65	9	videos	show	\N	248e99f56b49b546708201f323237f42771147405e6c66abbab87c72bc1b8b6a	67.244.11.36	f5334dae96261a8118516db39376ae77	\N	http://mmagaptest.herokuapp.com/videos	2013-06-05 16:29:55.87291	2013-06-05 16:29:55.87291
108	Video	66	9	videos	show	\N	7867b26604d237a6f95a61dc91f48d0b8d97b52435bf36cd5d4e141225993124	67.244.11.36	f5334dae96261a8118516db39376ae77	\N	http://mmagaptest.herokuapp.com/videos	2013-06-05 16:30:56.805903	2013-06-05 16:30:56.805903
109	Video	67	9	videos	show	\N	3de7596ac472b92668245420c8c7213125f032ee214cbdc80162bac661597640	67.244.11.36	f5334dae96261a8118516db39376ae77	\N	http://mmagaptest.herokuapp.com/videos	2013-06-05 16:31:40.509089	2013-06-05 16:31:40.509089
110	Video	68	9	videos	show	\N	51dc9cf89e0b1e48446cfff745abf70dc94bbdd308536eb79c207e5c223874ff	67.244.11.36	f5334dae96261a8118516db39376ae77	\N	http://mmagaptest.herokuapp.com/videos	2013-06-05 16:58:19.361806	2013-06-05 16:58:19.361806
111	Video	69	9	videos	show	\N	d62f5d991ee24659a49c77b5b35e5a7d16e83b1a430cef1626f7029ed4763ecf	67.244.11.36	f5334dae96261a8118516db39376ae77	\N	http://mmagaptest.herokuapp.com/videos	2013-06-05 16:59:37.070167	2013-06-05 16:59:37.070167
112	Video	70	10	videos	show	\N	deac49af3c5ea95241b4c4406aaec948e63afd4c2056ddf03abac0040db4acd4	67.244.11.36	e2b84a7cbd759a83f9300afbf4ad25b6	\N	http://mmagaptest.herokuapp.com/	2013-06-05 22:39:40.005753	2013-06-05 22:39:40.005753
113	Video	71	10	videos	show	\N	a8dc230f3b9c428c1e4628f8992ffa2edebc86d499902830ed2fbc8c9a6d99ac	67.244.11.36	e2b84a7cbd759a83f9300afbf4ad25b6	\N	http://mmagaptest.herokuapp.com/videos	2013-06-05 22:40:55.801273	2013-06-05 22:40:55.801273
114	Video	72	10	videos	show	\N	a7ed4e1885b97ab669eb0d1e5518905f03c25dea82ea6296323d8f8447eba64e	67.244.11.36	e2b84a7cbd759a83f9300afbf4ad25b6	\N	http://mmagaptest.herokuapp.com/videos	2013-06-05 22:41:59.008647	2013-06-05 22:41:59.008647
115	Video	73	10	videos	show	\N	9b1fbaa6156ebc3fc8e153f436eba8817e8939c8f6065fae8d826c615a771b7a	67.244.11.36	e2b84a7cbd759a83f9300afbf4ad25b6	\N	http://mmagaptest.herokuapp.com/videos	2013-06-05 22:43:10.568853	2013-06-05 22:43:10.568853
116	Video	74	10	videos	show	\N	2efa90836a3541237db07991198bde3958e1d181501bc05a00d1199fb5a31a06	67.244.11.36	e2b84a7cbd759a83f9300afbf4ad25b6	\N	http://mmagaptest.herokuapp.com/videos	2013-06-05 22:44:28.608939	2013-06-05 22:44:28.608939
117	Video	75	10	videos	show	\N	47878967103831a9bce5984cb31945b803455fc2c2611a083052b573c78dd9cb	67.244.11.36	e2b84a7cbd759a83f9300afbf4ad25b6	\N	http://mmagaptest.herokuapp.com/videos	2013-06-05 22:51:37.119323	2013-06-05 22:51:37.119323
118	Video	76	10	videos	show	\N	f4fa54735c4680928d60ee07321b1ae368f2582afb12c923a8b19b19c0676fd1	67.244.11.36	e2b84a7cbd759a83f9300afbf4ad25b6	\N	http://mmagaptest.herokuapp.com/videos	2013-06-05 22:52:56.551909	2013-06-05 22:52:56.551909
119	Video	77	10	videos	show	\N	0fa6365f56f9ece8d2fb22cf94108da95bdc5e774b72c7e0e1823ad1e5bf9e20	67.244.11.36	e2b84a7cbd759a83f9300afbf4ad25b6	\N	http://mmagaptest.herokuapp.com/videos	2013-06-05 22:53:40.715669	2013-06-05 22:53:40.715669
120	Video	78	10	videos	show	\N	3064621b64af2f6655f355b2576c9b32ba455166c07098723fe20a266542bf42	67.244.11.36	e2b84a7cbd759a83f9300afbf4ad25b6	\N	http://mmagaptest.herokuapp.com/videos	2013-06-05 22:55:01.677225	2013-06-05 22:55:01.677225
121	Video	79	10	videos	show	\N	a1b24549aff46b74cd46df489d80107e2fc3311835fcfea838a8f3d29a38337d	67.244.11.36	e2b84a7cbd759a83f9300afbf4ad25b6	\N	http://mmagaptest.herokuapp.com/videos	2013-06-05 22:57:31.05396	2013-06-05 22:57:31.05396
122	Video	80	10	videos	show	\N	51ac28345c93c433a54df9c869f5d69658849efd893aeefb1bc023501b1f77ab	67.244.11.36	e2b84a7cbd759a83f9300afbf4ad25b6	\N	http://mmagaptest.herokuapp.com/videos	2013-06-05 22:58:29.224545	2013-06-05 22:58:29.224545
123	Video	81	10	videos	show	\N	b02e25fbde0b8eb2138bbd37b9979e07b0bc72325f9d17c64baed808e054db59	67.244.11.36	e2b84a7cbd759a83f9300afbf4ad25b6	\N	http://mmagaptest.herokuapp.com/videos	2013-06-05 22:59:43.401142	2013-06-05 22:59:43.401142
127	Video	85	10	videos	show	\N	f487fd8b7b2ab6f8666e17518f99ce265a43c2872359d3b1f1b4cacc345a8453	67.244.11.36	e2b84a7cbd759a83f9300afbf4ad25b6	\N	http://mmagaptest.herokuapp.com/videos	2013-06-05 23:09:36.432898	2013-06-05 23:09:36.432898
131	Video	89	10	videos	show	\N	3964fa0e0abaadc7634ad6908e55273eabd22fcbca506fa3a3799b7ed2773260	67.244.11.36	e2b84a7cbd759a83f9300afbf4ad25b6	\N	http://mmagaptest.herokuapp.com/videos	2013-06-05 23:17:40.30429	2013-06-05 23:17:40.30429
135	Video	93	10	videos	show	\N	8f61b968266b5c1181747cb2870291a7a4b841af1e8d3fa4c32a3e7b3fc8c8c0	67.244.11.36	e2b84a7cbd759a83f9300afbf4ad25b6	\N	http://mmagaptest.herokuapp.com/videos	2013-06-05 23:26:56.507524	2013-06-05 23:26:56.507524
139	Video	97	10	videos	show	\N	296e4a10bbca480b0089c62d312f38486c18c5b98c1f64c82ae8d04a9d6ee25d	67.244.11.36	e2b84a7cbd759a83f9300afbf4ad25b6	\N	http://mmagaptest.herokuapp.com/videos	2013-06-05 23:31:56.665114	2013-06-05 23:31:56.665114
140	Video	98	10	videos	show	\N	2870c2215c334a36663c7a4a5a001e12ade1eb2286c4e9fd91963d5064f2eaff	67.244.11.36	e2b84a7cbd759a83f9300afbf4ad25b6	\N	http://mmagaptest.herokuapp.com/videos	2013-06-05 23:33:08.538907	2013-06-05 23:33:08.538907
144	Video	102	10	videos	show	\N	5ae7e337043f33e07a37e91e11070477f323ff72b89535a5cae9c542125d85ef	67.244.11.36	e2b84a7cbd759a83f9300afbf4ad25b6	\N	http://mmagaptest.herokuapp.com/videos	2013-06-05 23:39:02.668052	2013-06-05 23:39:02.668052
148	Video	106	10	videos	show	\N	4db5f2372c7d384d355b79fd94f6ce30b1bd5d9c6aeedc367d95ec17b8b7529c	67.244.11.36	e2b84a7cbd759a83f9300afbf4ad25b6	\N	http://mmagaptest.herokuapp.com/videos	2013-06-05 23:43:18.489161	2013-06-05 23:43:18.489161
124	Video	82	10	videos	show	\N	cc194ab4702896b5619c04d6f88c93858de0fd833fecae4b182659c470c2c1ea	67.244.11.36	e2b84a7cbd759a83f9300afbf4ad25b6	\N	http://mmagaptest.herokuapp.com/videos	2013-06-05 23:00:39.65338	2013-06-05 23:00:39.65338
128	Video	86	10	videos	show	\N	4ba06ea277f2da5e830be51ca2860b54609c386adc7b3dc1042e17ade97bc3d7	67.244.11.36	e2b84a7cbd759a83f9300afbf4ad25b6	\N	http://mmagaptest.herokuapp.com/videos	2013-06-05 23:10:47.006926	2013-06-05 23:10:47.006926
132	Video	90	10	videos	show	\N	e03d3ba117549bc9e4b73882f0f21faf5535718b57068d3ca4fc28e8bb7962c9	67.244.11.36	e2b84a7cbd759a83f9300afbf4ad25b6	\N	http://mmagaptest.herokuapp.com/videos	2013-06-05 23:18:36.812602	2013-06-05 23:18:36.812602
136	Video	94	10	videos	show	\N	f27ba9257a13f327071302da29a0472926a4a8ab1497f366d9b952fae81ad0f0	67.244.11.36	e2b84a7cbd759a83f9300afbf4ad25b6	\N	http://mmagaptest.herokuapp.com/videos	2013-06-05 23:28:21.404266	2013-06-05 23:28:21.404266
141	Video	99	10	videos	show	\N	460ac6c4c16269da1564ed5d33d8d8098db8ffaaf18af36365af7df69eb619ea	67.244.11.36	e2b84a7cbd759a83f9300afbf4ad25b6	\N	http://mmagaptest.herokuapp.com/videos	2013-06-05 23:34:48.481268	2013-06-05 23:34:48.481268
145	Video	103	10	videos	show	\N	2f7c3313b141c11aebbbb5d9967db2f771e896f2cd8d43d89989b49f8d461b31	67.244.11.36	e2b84a7cbd759a83f9300afbf4ad25b6	\N	http://mmagaptest.herokuapp.com/videos	2013-06-05 23:40:12.184988	2013-06-05 23:40:12.184988
149	Video	107	10	videos	show	\N	6887b004b1eae6f19079a8cdeb69ea47b13d3dad3f2b7b90e66f530be7f709d5	67.244.11.36	e2b84a7cbd759a83f9300afbf4ad25b6	\N	http://mmagaptest.herokuapp.com/videos	2013-06-05 23:44:07.788032	2013-06-05 23:44:07.788032
125	Video	83	10	videos	show	\N	c8d62a294538d51b3892211af45fe881cc19fccf6852d11ae911272933567dc4	67.244.11.36	e2b84a7cbd759a83f9300afbf4ad25b6	\N	http://mmagaptest.herokuapp.com/videos	2013-06-05 23:01:26.132781	2013-06-05 23:01:26.132781
129	Video	87	10	videos	show	\N	4e961ca95e6277616067f0f543be253357aac0c6f0c3c2d2fedbd66bb163d53d	67.244.11.36	e2b84a7cbd759a83f9300afbf4ad25b6	\N	http://mmagaptest.herokuapp.com/videos	2013-06-05 23:13:02.847058	2013-06-05 23:13:02.847058
133	Video	91	10	videos	show	\N	8f56912e87dad6ca26340e2fb8e5ff988ec5bf40e56166a8692b0ade2a3405c6	67.244.11.36	e2b84a7cbd759a83f9300afbf4ad25b6	\N	http://mmagaptest.herokuapp.com/videos	2013-06-05 23:19:16.426303	2013-06-05 23:19:16.426303
137	Video	95	10	videos	show	\N	dd2684e19ecaede0aad929674c3c0737d17f4ecb22dfba44fce16cde67ea8372	67.244.11.36	e2b84a7cbd759a83f9300afbf4ad25b6	\N	http://mmagaptest.herokuapp.com/videos	2013-06-05 23:30:02.776447	2013-06-05 23:30:02.776447
142	Video	100	10	videos	show	\N	84e63597ffe42a56143f64751b2a9414f1b46a398d0f9969006f5dd1c3e11606	67.244.11.36	e2b84a7cbd759a83f9300afbf4ad25b6	\N	http://mmagaptest.herokuapp.com/videos	2013-06-05 23:35:57.485094	2013-06-05 23:35:57.485094
146	Video	104	10	videos	show	\N	44c471d94eb06c56b682b1f6285180a89ca124df97b0e721e72fa828c55cdedc	67.244.11.36	e2b84a7cbd759a83f9300afbf4ad25b6	\N	http://mmagaptest.herokuapp.com/videos	2013-06-05 23:41:17.47039	2013-06-05 23:41:17.47039
150	Video	108	10	videos	show	\N	ea6124bad004262c89e6cdd5096d09fddddb85ee9d28c7e14eebf6039cb9886b	67.244.11.36	e2b84a7cbd759a83f9300afbf4ad25b6	\N	http://mmagaptest.herokuapp.com/videos	2013-06-05 23:45:15.435477	2013-06-05 23:45:15.435477
126	Video	84	10	videos	show	\N	afb2db44917bcef4ee25609ab46a17f391fb291d702e55a2b07e0c322f98c937	67.244.11.36	e2b84a7cbd759a83f9300afbf4ad25b6	\N	http://mmagaptest.herokuapp.com/videos	2013-06-05 23:08:21.892832	2013-06-05 23:08:21.892832
130	Video	88	10	videos	show	\N	0d8bd669d9c2790198252dc8116ab5b2c578b4471eca96d680b9bd52b9a8ff80	67.244.11.36	e2b84a7cbd759a83f9300afbf4ad25b6	\N	http://mmagaptest.herokuapp.com/videos	2013-06-05 23:15:02.481143	2013-06-05 23:15:02.481143
134	Video	92	10	videos	show	\N	18362102fe042161b0c5411eb93aa48c155dea0ffef445a93ceac756f6a6397c	67.244.11.36	e2b84a7cbd759a83f9300afbf4ad25b6	\N	http://mmagaptest.herokuapp.com/videos	2013-06-05 23:26:16.570206	2013-06-05 23:26:16.570206
138	Video	96	10	videos	show	\N	a6f2c8da3f75e6b66c7fae8ede6ecf129829583a5ba322df42b13a7b54c0e0a6	67.244.11.36	e2b84a7cbd759a83f9300afbf4ad25b6	\N	http://mmagaptest.herokuapp.com/videos	2013-06-05 23:30:57.494944	2013-06-05 23:30:57.494944
143	Video	101	10	videos	show	\N	6a992a6b0c33c14af354bfaa0e486b993410f8b74e07abd5333ef46d146e97f5	67.244.11.36	e2b84a7cbd759a83f9300afbf4ad25b6	\N	http://mmagaptest.herokuapp.com/videos	2013-06-05 23:37:55.363696	2013-06-05 23:37:55.363696
147	Video	105	10	videos	show	\N	6564b9b7c725345a46b39a599cfa4e0f65d507444398b55f98401add46f23644	67.244.11.36	e2b84a7cbd759a83f9300afbf4ad25b6	\N	http://mmagaptest.herokuapp.com/videos	2013-06-05 23:42:21.202572	2013-06-05 23:42:21.202572
151	Video	109	10	videos	show	\N	4dc7f2be8993c5b1f050f8220dd3e994c89cc9653ff7e49196b6f73f3dfa1408	67.244.11.36	e2b84a7cbd759a83f9300afbf4ad25b6	\N	http://mmagaptest.herokuapp.com/videos	2013-06-05 23:46:08.1011	2013-06-05 23:46:08.1011
152	Video	110	11	videos	show	\N	af12837f7a33ea8367c571e12022e6b078169ab80142e7365399318e5e5ac09f	67.244.11.36	d1cb3682823e56c86b1bddfdceb1f1bd	\N	http://mmagaptest.herokuapp.com/	2013-06-06 16:11:03.037695	2013-06-06 16:11:03.037695
153	Video	111	11	videos	show	\N	08e7d6840a7a44e0ba17c938185bb244c6c9ce0f4af019c78220d8bb84fd777a	67.244.11.36	d1cb3682823e56c86b1bddfdceb1f1bd	\N	http://mmagaptest.herokuapp.com/videos	2013-06-06 16:12:02.147849	2013-06-06 16:12:02.147849
154	Video	111	11	videos	show	\N	9f2a227fa3065fdb2976653aa298107fd81c13f64728fd616cb0d53fbe733734	67.244.11.36	d1cb3682823e56c86b1bddfdceb1f1bd	\N	http://mmagaptest.herokuapp.com/dashboard	2013-06-06 16:12:55.706798	2013-06-06 16:12:55.706798
155	Video	112	11	videos	show	\N	fd021afe6485011f1fc2c3fa478d82e2e93e513a7f723329bc5c7b7420aaef57	67.244.11.36	438a283b519cd90b697d4553ce6bd580	\N	http://mmagaptest.herokuapp.com/	2013-06-06 17:02:05.972354	2013-06-06 17:02:05.972354
156	Video	113	11	videos	show	\N	c2cb2be080e2986ba78b9e5976873ff8561e422aa58627dddd95b8bfdf38f20c	67.244.11.36	438a283b519cd90b697d4553ce6bd580	\N	http://mmagaptest.herokuapp.com/videos	2013-06-06 17:04:52.8513	2013-06-06 17:04:52.8513
157	Video	114	11	videos	show	\N	828d00de645d7e8ba347f5803a21c2142aa0fc95fbe3c31843fe99af6226520d	67.244.11.36	438a283b519cd90b697d4553ce6bd580	\N	http://mmagaptest.herokuapp.com/videos	2013-06-06 17:14:46.857099	2013-06-06 17:14:46.857099
158	Video	115	11	videos	show	\N	19277441ee095a97b02ae6e0fbab4e9e05081694ecefa1145ca91ebae332712c	67.244.11.36	438a283b519cd90b697d4553ce6bd580	\N	http://mmagaptest.herokuapp.com/videos	2013-06-06 17:15:46.751046	2013-06-06 17:15:46.751046
159	Video	116	11	videos	show	\N	6818f004d213b9b1d2e5a3fac24476f0c961d4bdf97f6a11aba13e5ea7d55b65	67.244.11.36	438a283b519cd90b697d4553ce6bd580	\N	http://mmagaptest.herokuapp.com/videos	2013-06-06 17:16:53.821946	2013-06-06 17:16:53.821946
160	Video	117	11	videos	show	\N	b66fad94b5520f8b6fcd081c9b86a2e86cb8aabb51df0d8f348d74e4b7bed27a	67.244.11.36	438a283b519cd90b697d4553ce6bd580	\N	http://mmagaptest.herokuapp.com/videos	2013-06-06 17:18:18.407248	2013-06-06 17:18:18.407248
161	Video	118	11	videos	show	\N	c10efeddc7566ef7c44f3a5c26a8aabe2f76856d5c2508cd498dc87e641b75c9	67.244.11.36	438a283b519cd90b697d4553ce6bd580	\N	http://mmagaptest.herokuapp.com/videos	2013-06-06 17:19:17.401401	2013-06-06 17:19:17.401401
162	Video	119	11	videos	show	\N	4e8dfd43c5758c10415b079b7eef80d123d5057b73e02b9f01eb335b07e94d4a	67.244.11.36	438a283b519cd90b697d4553ce6bd580	\N	http://mmagaptest.herokuapp.com/videos	2013-06-06 17:20:08.564877	2013-06-06 17:20:08.564877
163	Video	120	11	videos	show	\N	d15db41eded2fbcd4eab2ad3ec7873749eb580408f6c16a4bca5c3c376ba7ce4	67.244.11.36	438a283b519cd90b697d4553ce6bd580	\N	http://mmagaptest.herokuapp.com/videos	2013-06-06 17:21:15.729985	2013-06-06 17:21:15.729985
164	Video	121	11	videos	show	\N	caa247b6c512f2b2bae19b562b682dc7be34d49f624be7f92f9c8c684b44b3ca	67.244.11.36	438a283b519cd90b697d4553ce6bd580	\N	http://mmagaptest.herokuapp.com/videos	2013-06-06 17:22:09.554901	2013-06-06 17:22:09.554901
165	Video	122	11	videos	show	\N	c393be808c8706ab1068e4c8e766123bea373dbfbe54329a58a606c641b11778	67.244.11.36	438a283b519cd90b697d4553ce6bd580	\N	http://mmagaptest.herokuapp.com/videos	2013-06-06 17:23:21.424776	2013-06-06 17:23:21.424776
166	Video	123	11	videos	show	\N	9fbeb6428d84b0d553b4786066e17b68e220315ef2b2ab27ec28e0332c64a4bc	67.244.11.36	438a283b519cd90b697d4553ce6bd580	\N	http://mmagaptest.herokuapp.com/videos	2013-06-06 17:24:43.768607	2013-06-06 17:24:43.768607
167	Video	124	11	videos	show	\N	ee7dd15957d82e2c1037861b8faece1c9264aa29ab75b457c6f3e1d82720be9a	67.244.11.36	438a283b519cd90b697d4553ce6bd580	\N	http://mmagaptest.herokuapp.com/videos	2013-06-06 17:26:07.086791	2013-06-06 17:26:07.086791
168	Video	125	11	videos	show	\N	8c31847d5549ea297f7098d3ea0ff8b57b13facfd0d3ef787259fc8985c03a19	67.244.11.36	438a283b519cd90b697d4553ce6bd580	\N	http://mmagaptest.herokuapp.com/videos	2013-06-06 17:26:52.538609	2013-06-06 17:26:52.538609
169	Video	126	11	videos	show	\N	5a17464dc05703404e34adae122786d4455a0664371722dcff88c325728def4d	67.244.11.36	438a283b519cd90b697d4553ce6bd580	\N	http://mmagaptest.herokuapp.com/videos	2013-06-06 17:29:04.860925	2013-06-06 17:29:04.860925
170	Video	127	11	videos	show	\N	056db05aa8d5c5a449a7f42985bb50320bf7438975dc0d0a14cd2a242152bc2c	67.244.11.36	438a283b519cd90b697d4553ce6bd580	\N	http://mmagaptest.herokuapp.com/videos	2013-06-06 17:30:04.800535	2013-06-06 17:30:04.800535
171	Video	128	11	videos	show	\N	ddef69f00a9d86193b3f41bd58e099f10812a70434a1f4833a67fbf7d02ac1a5	67.244.11.36	438a283b519cd90b697d4553ce6bd580	\N	http://mmagaptest.herokuapp.com/videos	2013-06-06 17:31:27.047471	2013-06-06 17:31:27.047471
172	Video	129	11	videos	show	\N	032c2b9c3751d4d70ff690252e960331fdeb7d0ac34079d0fc5054dfc91b3ee1	67.244.11.36	438a283b519cd90b697d4553ce6bd580	\N	http://mmagaptest.herokuapp.com/videos	2013-06-06 17:33:44.544789	2013-06-06 17:33:44.544789
173	Video	130	11	videos	show	\N	be3b4712ef271e22007d5bd681c937e9fd7e3bd0d9e81f28a0889423d021f70f	67.244.11.36	438a283b519cd90b697d4553ce6bd580	\N	http://mmagaptest.herokuapp.com/videos	2013-06-06 17:34:48.003512	2013-06-06 17:34:48.003512
174	Video	131	11	videos	show	\N	0246bdb9a5d5f24c1d336eb71cdac1d1c6af26bb93261ba741eb5eb476c4f0db	67.244.11.36	438a283b519cd90b697d4553ce6bd580	\N	http://mmagaptest.herokuapp.com/videos	2013-06-06 17:35:32.257902	2013-06-06 17:35:32.257902
175	Video	132	11	videos	show	\N	7929f526d15d9ca9cb601c32a320b24699e8c3d06149c6e1a8246e302905561e	67.244.11.36	438a283b519cd90b697d4553ce6bd580	\N	http://mmagaptest.herokuapp.com/videos	2013-06-06 17:36:20.036623	2013-06-06 17:36:20.036623
176	Video	133	11	videos	show	\N	88584d37388d6340ee833447692d8565f17f9479982cac5c27144fbb8fd94fba	67.244.11.36	438a283b519cd90b697d4553ce6bd580	\N	http://mmagaptest.herokuapp.com/videos	2013-06-06 17:37:14.717371	2013-06-06 17:37:14.717371
177	Video	134	11	videos	show	\N	5941e76227b4ec68e701e382c151d31ba415d8ec8a5890340fcb6c11fa550ec6	67.244.11.36	438a283b519cd90b697d4553ce6bd580	\N	http://mmagaptest.herokuapp.com/videos	2013-06-06 17:37:48.937684	2013-06-06 17:37:48.937684
178	Video	135	11	videos	show	\N	fa217d3f8d5f84091149337d4fbb08ec4bfc0afde0cba84b7ecd42921204dc33	67.244.11.36	438a283b519cd90b697d4553ce6bd580	\N	http://mmagaptest.herokuapp.com/videos	2013-06-06 17:38:13.080429	2013-06-06 17:38:13.080429
179	Video	136	11	videos	show	\N	de74981c0d1f54584299b7c4deca43c505a66bd417b0b8928955a9e829649b8f	67.244.11.36	438a283b519cd90b697d4553ce6bd580	\N	http://mmagaptest.herokuapp.com/videos	2013-06-06 17:38:49.752239	2013-06-06 17:38:49.752239
183	Video	140	11	videos	show	\N	7227f92c5a7c33adb4f02d7341d8bf9c7d660c9f0e51fa0210970896f8c9242a	67.244.11.36	438a283b519cd90b697d4553ce6bd580	\N	http://mmagaptest.herokuapp.com/videos	2013-06-06 17:45:28.303751	2013-06-06 17:45:28.303751
187	Video	144	11	videos	show	\N	8c272a0deae5ad81d3859f62d5b16013ab947ad3718e0a162462da86aefe5efa	67.244.11.36	438a283b519cd90b697d4553ce6bd580	\N	http://mmagaptest.herokuapp.com/videos	2013-06-06 17:48:46.358813	2013-06-06 17:48:46.358813
191	Video	148	11	videos	show	\N	c75d28e2bd517a4d5afc5f58a9e4c38b6af701c61d52503968fb551214a62bc0	67.244.11.36	438a283b519cd90b697d4553ce6bd580	\N	http://mmagaptest.herokuapp.com/videos	2013-06-06 17:57:27.723732	2013-06-06 17:57:27.723732
195	Video	152	11	videos	show	\N	2c07113f0fc0ca65cd7e502ab3a2d68d37dcb6d562ee2cf5de1810058c8d8036	67.244.11.36	438a283b519cd90b697d4553ce6bd580	\N	http://mmagaptest.herokuapp.com/videos	2013-06-06 18:01:17.237931	2013-06-06 18:01:17.237931
180	Video	137	11	videos	show	\N	102b89a7d462a8f37d85e5070b05581202c0f23a6727da9f5d3297b91bd39d6d	67.244.11.36	438a283b519cd90b697d4553ce6bd580	\N	http://mmagaptest.herokuapp.com/videos	2013-06-06 17:41:07.354112	2013-06-06 17:41:07.354112
184	Video	141	11	videos	show	\N	bce4937686cb2b313d212fb3a2618e67d69b51d54789155baf1d2437fbb9551d	67.244.11.36	438a283b519cd90b697d4553ce6bd580	\N	http://mmagaptest.herokuapp.com/videos	2013-06-06 17:46:26.719385	2013-06-06 17:46:26.719385
188	Video	145	11	videos	show	\N	63d93efff95b69e113bed81c81f8b625e59b4ca38a50847a42572b73b70eaabe	67.244.11.36	438a283b519cd90b697d4553ce6bd580	\N	http://mmagaptest.herokuapp.com/videos	2013-06-06 17:49:29.765233	2013-06-06 17:49:29.765233
192	Video	149	11	videos	show	\N	4ded3353109d883fb53f26848b1f84f887d5bd83e725c0297ffd9853dc46d95f	67.244.11.36	438a283b519cd90b697d4553ce6bd580	\N	http://mmagaptest.herokuapp.com/videos	2013-06-06 17:58:45.313239	2013-06-06 17:58:45.313239
196	Video	153	11	videos	show	\N	e4e4baacf3593556a05d27d78d02a895238ed20ceb6abfae98d3619f451a0c0e	67.244.11.36	438a283b519cd90b697d4553ce6bd580	\N	http://mmagaptest.herokuapp.com/videos	2013-06-06 18:02:45.584895	2013-06-06 18:02:45.584895
181	Video	138	11	videos	show	\N	a5f1e4ab8f28c016f39bf4f238559b68cee5bbf095056423ae9826dda6a20594	67.244.11.36	438a283b519cd90b697d4553ce6bd580	\N	http://mmagaptest.herokuapp.com/videos	2013-06-06 17:42:01.040706	2013-06-06 17:42:01.040706
185	Video	142	11	videos	show	\N	6e01bc451b51a86ce42afd77ed4062b3fd1c4942836dfb97aa66c3dc6366ad15	67.244.11.36	438a283b519cd90b697d4553ce6bd580	\N	http://mmagaptest.herokuapp.com/videos	2013-06-06 17:47:13.550878	2013-06-06 17:47:13.550878
189	Video	146	11	videos	show	\N	67d4ef95bec0dfbe99b2f615bce8a9cec552078cd18389cb3e5d310e0952c7de	67.244.11.36	438a283b519cd90b697d4553ce6bd580	\N	http://mmagaptest.herokuapp.com/videos	2013-06-06 17:50:16.194522	2013-06-06 17:50:16.194522
193	Video	150	11	videos	show	\N	3d427331c4346a973eea4a5c155b482033dab58e38c15791cb4dc40c0e9a9594	67.244.11.36	438a283b519cd90b697d4553ce6bd580	\N	http://mmagaptest.herokuapp.com/videos	2013-06-06 17:59:38.39572	2013-06-06 17:59:38.39572
197	Video	154	11	videos	show	\N	e1f3a533977be92cc560d0ad1d10e535c1fb00666c4a86fe4eca03c3913b292c	67.244.11.36	438a283b519cd90b697d4553ce6bd580	\N	http://mmagaptest.herokuapp.com/videos	2013-06-06 18:04:30.541846	2013-06-06 18:04:30.541846
182	Video	139	11	videos	show	\N	dab05b98864f34b7744a302631f0591c62ae449368b17493d954c4b1b9d72740	67.244.11.36	438a283b519cd90b697d4553ce6bd580	\N	http://mmagaptest.herokuapp.com/videos	2013-06-06 17:44:16.316617	2013-06-06 17:44:16.316617
186	Video	143	11	videos	show	\N	042a7a700287789e173b10b9a39e93bed3963ce2db52d2d62b0c236b58b78a0d	67.244.11.36	438a283b519cd90b697d4553ce6bd580	\N	http://mmagaptest.herokuapp.com/videos	2013-06-06 17:48:09.112104	2013-06-06 17:48:09.112104
190	Video	147	11	videos	show	\N	6a9dd5a256fef18c8e360368400d2e47dda7ff0e9671f2faa60d4e9d2176a1eb	67.244.11.36	438a283b519cd90b697d4553ce6bd580	\N	http://mmagaptest.herokuapp.com/videos	2013-06-06 17:50:48.060112	2013-06-06 17:50:48.060112
194	Video	151	11	videos	show	\N	94f112ea8935d3304b1816e889b524f553871e0ba742394b3455bfa8b1682953	67.244.11.36	438a283b519cd90b697d4553ce6bd580	\N	http://mmagaptest.herokuapp.com/videos	2013-06-06 18:00:24.751166	2013-06-06 18:00:24.751166
198	Video	147	\N	videos	show	\N	35f21c14f42bf38aad0e2da6c1856cdc21fd229703944e9147bb14c9cb66e015	24.185.36.125	46437d3e4eb0da59e0027e48b2449b9d	\N	http://mmagaptest.herokuapp.com/	2013-06-07 15:13:40.862926	2013-06-07 15:13:40.862926
199	Video	140	\N	videos	show	\N	50f4112a1ccc500cd67740dabf95729d9aede9aee518dee6cf1d665386581487	46.35.241.166	e2a6d02d44494c70738c21cfca87df9d	\N	http://mmagaptest.herokuapp.com/videos	2013-06-07 15:30:04.623482	2013-06-07 15:30:04.623482
200	Video	140	\N	videos	show	\N	ec992e3c64562e6d8f50e4d8dcf7c7b089102af5ff9b3432c55b13f6842e1182	78.30.241.21	e2a6d02d44494c70738c21cfca87df9d	\N	http://mmagaptest.herokuapp.com/videos	2013-06-07 21:50:18.621121	2013-06-07 21:50:18.621121
201	Video	153	\N	videos	show	\N	d78af380b23afafcede818b5ff0f2ae744879567583fb3cf5c246568fc4c5d21	68.36.245.60	a2b714b18eec80df385b69c95d80c4a4	\N	http://mmagaptest.herokuapp.com/videos	2013-06-11 22:44:15.472517	2013-06-11 22:44:15.472517
202	Video	154	\N	videos	show	\N	63e9f0b3eec0b0eae3202f5b2b107da2d0d2d8843e234b887bc998fd568dd16a	74.73.187.55	5a11a3839493d7cc7e4d48ec6b19aec1	\N	http://mmagaptest.herokuapp.com/videos	2013-07-01 19:08:26.946182	2013-07-01 19:08:26.946182
203	Video	155	14	videos	show	\N	3bd0f2283b8510a8e7e8cc30924addc14f8c8f5a5350ae3958d376884621db6d	74.73.187.55	080a1bfc6b576e6bf59ab5011a856230	\N	http://mmagaptest.herokuapp.com/	2013-07-14 14:27:00.086053	2013-07-14 14:27:00.086053
204	Video	156	14	videos	show	\N	257d15419df2db5a2d276e5543399eb4b548ff23de7e1002ffced769148420c2	74.73.187.55	080a1bfc6b576e6bf59ab5011a856230	\N	http://mmagaptest.herokuapp.com/videos	2013-07-14 14:28:06.419177	2013-07-14 14:28:06.419177
205	Video	157	14	videos	show	\N	77bc15190f59b6e4953a75793123d61153e20453cec5a6c2c0224bf2fd557f94	74.73.187.55	080a1bfc6b576e6bf59ab5011a856230	\N	http://mmagaptest.herokuapp.com/videos	2013-07-14 14:29:09.699288	2013-07-14 14:29:09.699288
206	Video	158	14	videos	show	\N	efff19d5d5993d79dda8dbbe62625a3eca2912fed79a581a6ae8afd162b75f82	74.73.187.55	080a1bfc6b576e6bf59ab5011a856230	\N	http://mmagaptest.herokuapp.com/videos	2013-07-14 14:30:33.358225	2013-07-14 14:30:33.358225
207	Video	159	14	videos	show	\N	7751bf7207e8280b5bca2269223f6a360e3340d17eab7cab246aa183bd310ab9	74.73.187.55	080a1bfc6b576e6bf59ab5011a856230	\N	http://mmagaptest.herokuapp.com/videos	2013-07-14 14:31:52.181729	2013-07-14 14:31:52.181729
208	Video	160	14	videos	show	\N	61b83dd66917930ff3054f62cd7802bb5213709be5cf14c42e849bb02887dad0	74.73.187.55	080a1bfc6b576e6bf59ab5011a856230	\N	http://mmagaptest.herokuapp.com/videos	2013-07-14 14:32:45.08961	2013-07-14 14:32:45.08961
209	Video	161	14	videos	show	\N	60be6085c604e5662a6bc00d7cf95e8d3403b9f7462f02360e6d28e54fd38ba1	74.73.187.55	080a1bfc6b576e6bf59ab5011a856230	\N	http://mmagaptest.herokuapp.com/videos	2013-07-14 14:33:37.302515	2013-07-14 14:33:37.302515
210	Video	162	14	videos	show	\N	ec2e5395fb542b9842ca6247a6e6b96209518c644c3d525a64a92f08c1bf9a62	74.73.187.55	080a1bfc6b576e6bf59ab5011a856230	\N	http://mmagaptest.herokuapp.com/videos	2013-07-14 14:34:46.259146	2013-07-14 14:34:46.259146
211	Video	163	14	videos	show	\N	3618e6d75dcaab3a53be617cdcad6ac52e8c119409295747e0649f7584875c34	74.73.187.55	080a1bfc6b576e6bf59ab5011a856230	\N	http://mmagaptest.herokuapp.com/videos	2013-07-14 14:35:41.524598	2013-07-14 14:35:41.524598
212	Video	164	14	videos	show	\N	24f7833e2db5dc9e969197976dfa86b638739dff948c12ded88bda2d3290ebf5	74.73.187.55	080a1bfc6b576e6bf59ab5011a856230	\N	http://mmagaptest.herokuapp.com/videos	2013-07-14 14:37:03.393757	2013-07-14 14:37:03.393757
213	Video	165	14	videos	show	\N	53edbeeec97270091c315ad5a33a1c2fae00de3c922da8e7b7b4c26c7648a984	74.73.187.55	080a1bfc6b576e6bf59ab5011a856230	\N	http://mmagaptest.herokuapp.com/videos	2013-07-14 14:38:42.80334	2013-07-14 14:38:42.80334
214	Video	166	14	videos	show	\N	544653ad3d33e0785e826eeeee2970685c646a2e71f9186b83893f00ed9f0688	74.73.187.55	080a1bfc6b576e6bf59ab5011a856230	\N	http://mmagaptest.herokuapp.com/videos	2013-07-14 14:42:09.080463	2013-07-14 14:42:09.080463
215	Video	167	14	videos	show	\N	f803c364cb9eebcf972a78c79c9aae1ce77752aef89c36d5027bd1976c80e464	74.73.187.55	080a1bfc6b576e6bf59ab5011a856230	\N	http://mmagaptest.herokuapp.com/videos	2013-07-14 14:44:00.146064	2013-07-14 14:44:00.146064
216	Video	168	14	videos	show	\N	d50f0be7a27e1ca9b83f5c1856e971ed57b8494f9d4e5333cd14a7ca4992a7cb	74.73.187.55	080a1bfc6b576e6bf59ab5011a856230	\N	http://mmagaptest.herokuapp.com/videos	2013-07-14 14:45:52.48256	2013-07-14 14:45:52.48256
217	Video	150	14	videos	show	\N	ac225b035952f9599b2828eee7518610b34c853bfcd5a653b7a5f0188aadb03c	74.73.187.55	080a1bfc6b576e6bf59ab5011a856230	\N	http://mmagaptest.herokuapp.com/videos	2013-07-14 15:34:45.478264	2013-07-14 15:34:45.478264
218	Video	150	14	videos	show	\N	0408631190faf17ee24b2eb8c73a983d7a28f7de900cfaebd54d34e933576579	74.73.187.55	080a1bfc6b576e6bf59ab5011a856230	\N	http://mmagaptest.herokuapp.com/videos/150	2013-07-14 15:35:58.81632	2013-07-14 15:35:58.81632
219	Video	110	14	videos	show	\N	81af812a1a5828241e88fd62c701860b8cd120506511b29dd8d44c58d6a032f4	74.73.187.55	080a1bfc6b576e6bf59ab5011a856230	\N	http://mmagaptest.herokuapp.com/users/11	2013-07-14 17:26:18.429717	2013-07-14 17:26:18.429717
220	Video	20	14	videos	show	\N	49d440911fa83083c5cf4660140ccaaaa2904a641cd7f144caf8e96234fb4c61	74.73.187.55	080a1bfc6b576e6bf59ab5011a856230	\N	http://mmagaptest.herokuapp.com/videos/150	2013-07-14 17:30:29.963233	2013-07-14 17:30:29.963233
221	Video	168	\N	videos	show	\N	b0eb475816b60a46f26a8fc63cf26c9d73af66f80a4884416035cfabec4bdab4	74.73.187.55	82241d90b8e6767406ea181c9552d8a1	\N	http://mmagaptest.herokuapp.com/	2013-07-14 17:43:20.42068	2013-07-14 17:43:20.42068
222	Video	168	14	videos	show	\N	ceff5a136dc2e2cf955e627432dde75f6e777a87e2d39f026308b77e0cced4ac	74.73.187.55	080a1bfc6b576e6bf59ab5011a856230	\N	http://mmagaptest.herokuapp.com/	2013-07-14 17:54:56.098641	2013-07-14 17:54:56.098641
223	Video	4	14	videos	show	\N	63aa4400cfa278cf1891320a30cce45dc1b462f57489b5c9a062c1ade168f0cc	74.73.187.55	080a1bfc6b576e6bf59ab5011a856230	\N	http://mmagaptest.herokuapp.com/videos/168	2013-07-14 17:57:24.837762	2013-07-14 17:57:24.837762
224	Video	2	14	videos	show	\N	3f6114131e877d94cd87c3d4bd896ed732386767380077493d0dc3fe3ee6fa59	74.73.187.55	080a1bfc6b576e6bf59ab5011a856230	\N	http://mmagaptest.herokuapp.com/videos/4	2013-07-14 17:57:32.374931	2013-07-14 17:57:32.374931
225	Video	3	14	videos	show	\N	647efc859c7cb378ce11d5c1678a70b3f88f0d6868eef13c6018bc1a0ceb37d8	74.73.187.55	080a1bfc6b576e6bf59ab5011a856230	\N	http://mmagaptest.herokuapp.com/videos/2	2013-07-14 17:57:45.859385	2013-07-14 17:57:45.859385
226	Video	155	14	videos	show	\N	26e0c7077ea3ea23090c1f22ea39de48e316a0150dd4429642c951c806583056	74.73.187.55	080a1bfc6b576e6bf59ab5011a856230	\N	http://mmagaptest.herokuapp.com/dashboard	2013-07-14 17:58:31.527732	2013-07-14 17:58:31.527732
227	Video	158	\N	videos	show	\N	ad544197edc498892d2e868a94f227bbbbaaa88b36c9bd10c08550bb7504a6de	46.118.142.219	2de5cb5a0780938cea37d528935b17c5	\N	http://mmagaptest.herokuapp.com/	2013-07-14 23:18:51.869528	2013-07-14 23:18:51.869528
228	Video	164	\N	videos	show	\N	9913564c2f29f3882e88ea065b18844addfbeda4bd77a00a5eeae0153a8cbebc	46.118.142.219	2de5cb5a0780938cea37d528935b17c5	\N	http://mmagaptest.herokuapp.com/?	2013-07-14 23:22:12.658887	2013-07-14 23:22:12.658887
229	Video	1	\N	videos	show	\N	6914ec39505161b0a8c5b5a9c9f5542d17ed8ae69738068d2cb5624b506bdf36	46.118.142.219	2de5cb5a0780938cea37d528935b17c5	\N	http://mmagaptest.herokuapp.com/videos/164	2013-07-14 23:22:17.962937	2013-07-14 23:22:17.962937
230	Video	3	\N	videos	show	\N	40f2c9d2874d57d741d9062d3462c43b0fcacd8e3b3a8ee8c168e89109b74363	46.118.142.219	2de5cb5a0780938cea37d528935b17c5	\N	http://mmagaptest.herokuapp.com/videos/1	2013-07-14 23:23:19.550337	2013-07-14 23:23:19.550337
231	Video	167	15	videos	show	\N	5ff090a84d99b6e3b6e3b823de1bc99db8b03c3c6ed3ec9998bf89890751241b	74.73.187.55	94d9bfeffb4063f68ca1d30bbbc8f2ec	\N	http://mmagaptest.herokuapp.com/videos	2013-07-15 22:09:28.721038	2013-07-15 22:09:28.721038
232	Video	167	15	videos	show	\N	e26d50fbe24a143bd3b3a67ef741e43ac163d4fca6a5abe96c3584bf10f16f43	74.73.187.55	94d9bfeffb4063f68ca1d30bbbc8f2ec	\N	http://mmagaptest.herokuapp.com/videos/167	2013-07-15 22:14:34.058444	2013-07-15 22:14:34.058444
233	Video	167	\N	videos	show	\N	a8e2cb99f8097ada414960a867249ecd745a55a099424d5eba88cb36aa8c937d	74.73.187.55	82241d90b8e6767406ea181c9552d8a1	\N	http://mmagaptest.herokuapp.com/	2013-07-15 22:15:00.868432	2013-07-15 22:15:00.868432
234	Video	167	\N	videos	show	\N	e45f305613cb5c72070bd555d3e10c59b931140cec702dcc43c0a25681ed53b2	74.73.187.55	82241d90b8e6767406ea181c9552d8a1	\N	http://mmagaptest.herokuapp.com/videos/167	2013-07-15 22:15:08.145979	2013-07-15 22:15:08.145979
235	Video	167	15	videos	show	\N	3344311f0170e5b6188ab75a15c4705a8413621ab2879e468bcd3be773a42b35	74.73.187.55	94d9bfeffb4063f68ca1d30bbbc8f2ec	\N	http://mmagaptest.herokuapp.com/videos/167	2013-07-15 22:15:21.840124	2013-07-15 22:15:21.840124
236	Video	167	15	videos	show	\N	ea3959e147d2f77cab8a2abd9463ad3ec942d8366f70417d7f5583136c0effae	74.73.187.55	94d9bfeffb4063f68ca1d30bbbc8f2ec	\N	http://mmagaptest.herokuapp.com/videos	2013-07-15 22:22:28.560323	2013-07-15 22:22:28.560323
237	Video	167	15	videos	show	\N	b529184e89db24de06fd52ff22972a11904293862c7a38b59c1f5ab4d2612d2b	74.73.187.55	94d9bfeffb4063f68ca1d30bbbc8f2ec	\N	http://mmagaptest.herokuapp.com/videos	2013-07-15 22:27:14.063698	2013-07-15 22:27:14.063698
238	Video	169	16	videos	show	\N	efbcb3a17548c0081daf4bc40417e76c561b007801d4959692eb0440fc3c24c6	178.95.168.67	5f24b61703c82dcd6ed0dd36974cc791	\N	http://mmagaptest.herokuapp.com/admin	2013-07-17 12:51:06.72015	2013-07-17 12:51:06.72015
764	Video	189	\N	videos	show	\N	93102f860552b17a478ea4f7b3887a4d9fe9e5113260318e186c2dc3effeb8f1	127.0.0.1	7087e5604147c8e288fe330136729857	\N	http://localhost:3000/videos	2013-08-26 16:01:30.779273	2013-08-26 16:01:30.779273
765	Video	189	17	videos	show	\N	cbc3644dda9ae6d0beeac06da9cc84a7a259a27d7c2bf4056ec6815664f75e36	127.0.0.1	1cd772a192a12b972d3854b7b60e56c6	\N	http://localhost:3000/	2013-08-26 16:01:42.941596	2013-08-26 16:01:42.941596
766	Video	189	17	videos	show	\N	51df5ad0f57d6d5f0911045cd629c8709293f1d114b2def8fa65be5e423e1a2a	127.0.0.1	1cd772a192a12b972d3854b7b60e56c6	\N	http://localhost:3000/videos/189	2013-08-26 16:01:48.036933	2013-08-26 16:01:48.036933
767	Video	189	17	videos	show	\N	eda3836fbc700a215579677f2d47d1e878924643634b5dee1d269d8bd35a1de8	127.0.0.1	1cd772a192a12b972d3854b7b60e56c6	\N	http://localhost:3000/videos/189	2013-08-26 16:02:00.610938	2013-08-26 16:02:00.610938
768	Video	189	\N	videos	show	\N	04cc10a3cdcb542b19491b64802172b9cacc6f2040a8c918feec1e1af6668f6e	127.0.0.1	92178634c8568bdfeabcded045e0a956	\N	http://localhost:3000/	2013-08-26 16:02:12.052925	2013-08-26 16:02:12.052925
251	Video	177	17	videos	show	\N	1ec14c03a8daefef4db428f7ac875f04777bfea7615bbca873f30d9076318ea8	127.0.0.1	4880efe887f4b16005fcc322f07a7d7c	\N	http://localhost:3000/videos	2013-07-23 17:20:59.928457	2013-07-23 17:20:59.928457
252	Video	178	17	videos	show	\N	1df906ca5142b33105666d45d537fb08c7268ba7cd839019cb175d726e2747b1	127.0.0.1	4880efe887f4b16005fcc322f07a7d7c	\N	http://localhost:3000/videos	2013-07-23 17:21:26.502766	2013-07-23 17:21:26.502766
253	Video	179	17	videos	show	\N	dba4898a21c0e39c3f6b37ff9a70ef069539aeba7c12ffb461bd440054359040	127.0.0.1	4880efe887f4b16005fcc322f07a7d7c	\N	http://localhost:3000/videos	2013-07-23 17:39:15.154554	2013-07-23 17:39:15.154554
254	Video	180	17	videos	show	\N	84d3a06f846ca4385dc9fe0b114bd805329eec3616f6c9ca00563a3501f76195	127.0.0.1	4880efe887f4b16005fcc322f07a7d7c	\N	http://localhost:3000/videos	2013-07-23 17:39:51.148408	2013-07-23 17:39:51.148408
255	Video	181	17	videos	show	\N	f3a0b96c8878801a785bfa6d521eb01ac8220f3c8d676d617a6837035ade030c	127.0.0.1	4880efe887f4b16005fcc322f07a7d7c	\N	http://localhost:3000/videos	2013-07-23 17:42:01.036999	2013-07-23 17:42:01.036999
256	Video	182	17	videos	show	\N	670afe86471e64893dd67a586f49516a1e9005093319edd3fb55edb9e6ade6e7	127.0.0.1	4880efe887f4b16005fcc322f07a7d7c	\N	http://localhost:3000/videos	2013-07-23 17:42:52.872018	2013-07-23 17:42:52.872018
258	Video	184	17	videos	show	\N	5efab6aa99f5c4429eee0991766210f5ff1fd8ec4abac7184c508d08e5330644	127.0.0.1	4880efe887f4b16005fcc322f07a7d7c	\N	http://localhost:3000/videos	2013-07-23 17:52:41.463124	2013-07-23 17:52:41.463124
769	Video	189	\N	videos	show	\N	5812ac8be14085096bb634a2b860e9aa7f8abf47adff7d17bbe90345e48a5f13	127.0.0.1	92178634c8568bdfeabcded045e0a956	\N	http://localhost:3000/	2013-08-26 16:02:58.592717	2013-08-26 16:02:58.592717
770	Video	189	\N	videos	show	\N	a18a91fc2a0dda577d85b3e3bd1ac11931389724713e07f39a957c270317978d	192.168.0.104	996918c9151fb1e4dbf2004fdcfc8c50	\N	http://192.168.0.104:3000/videos	2013-08-27 15:33:27.004697	2013-08-27 15:33:27.004697
771	Video	189	\N	videos	show	\N	8f42ba61bda45d155336445c16dc137ba494a63d88fb6d0e57b7d1cc3df597fb	192.168.0.104	0f4801d5b7226ca8b1de347fc5171f03	\N	http://192.168.0.104:3000/videos	2013-08-27 15:58:27.286889	2013-08-27 15:58:27.286889
772	Video	195	\N	videos	show	\N	560cea6e3a75f5d38a0121f5ec9645486c395d9bd3d77a943aaa2b0e857377cd	192.168.0.104	0f4801d5b7226ca8b1de347fc5171f03	\N	http://192.168.0.104:3000/videos	2013-08-27 15:58:38.582018	2013-08-27 15:58:38.582018
773	Video	204	\N	videos	show	\N	3a5e9e190744141775c67e86b165da63f5cc2c2f670fcf32e0946556b9ee2905	127.0.0.1	fc571abcf197980bddda11f879261be9	\N	http://localhost:3000/	2013-09-13 16:49:40.859925	2013-09-13 16:49:40.859925
774	Video	199	31	videos	show	\N	0a4a48e5c7a96cee2913d8eb3f8d0665773a45e4521e8410e40e041600e539be	127.0.0.1	faaab0fcfaedd0f08441ab3493134e18	\N	http://localhost:3000/videos?utf8=%E2%9C%93&q%5Bcategory_eq_any%5D=How-To&commit=HOW+TO	2013-09-14 06:30:55.585603	2013-09-14 06:30:55.585603
775	Video	199	31	videos	show	\N	a287e30f92d325cd649b5da9d8fb4ef1cfbfe274e2a61ea62868ca7a456d4db3	127.0.0.1	faaab0fcfaedd0f08441ab3493134e18	\N	http://localhost:3000/videos/199	2013-09-14 06:31:04.18342	2013-09-14 06:31:04.18342
776	Video	199	31	videos	show	\N	43c9a24c5d6fb30b7c9b8fc1703a58f200e42bf26a2779087ce7476c3776a1e5	127.0.0.1	faaab0fcfaedd0f08441ab3493134e18	\N	http://localhost:3000/videos/199	2013-09-14 06:31:11.560507	2013-09-14 06:31:11.560507
777	Video	199	31	videos	show	\N	fde6b4a6df151f180bf5c7ae6da635a3e6bda54f609526ee1c6f7d19d1ef8cf9	127.0.0.1	faaab0fcfaedd0f08441ab3493134e18	\N	http://localhost:3000/videos/199	2013-09-14 06:31:26.9586	2013-09-14 06:31:26.9586
778	Video	199	31	videos	show	\N	7443ef5fdb8916eddb2ca1e6b8ca7454a8e0ca3989ceb57598564f336b5338e2	127.0.0.1	faaab0fcfaedd0f08441ab3493134e18	\N	http://localhost:3000/videos/199	2013-09-14 06:31:35.593635	2013-09-14 06:31:35.593635
779	Video	199	31	videos	show	\N	7aa3dcb757cc47bc619cc744c63ba9fbdacd31b045060a7116c56f545df29ab6	127.0.0.1	faaab0fcfaedd0f08441ab3493134e18	\N	http://localhost:3000/videos/199	2013-09-14 06:35:50.882485	2013-09-14 06:35:50.882485
337	Video	184	17	videos	show	\N	5332a49f443bd3fa587a27e82df643dab1cd15b9e3b4c726146330b01048ca01	127.0.0.1	2c4b7526f1e7d726d40bc34e2a986a09	\N	http://localhost:3000/videos	2013-07-25 15:12:13.337208	2013-07-25 15:12:13.337208
338	Video	184	17	videos	show	\N	da26c65ba08d230361f87fd94cc88129e334b699edc8f9fe8fd2c8f29b12baae	127.0.0.1	2c4b7526f1e7d726d40bc34e2a986a09	\N	\N	2013-07-25 15:21:31.940905	2013-07-25 15:21:31.940905
339	Video	184	17	videos	show	\N	231d288f073345c22fded30e09b3941f0d317de5a82b3e947af1cba6d7ee942c	127.0.0.1	2c4b7526f1e7d726d40bc34e2a986a09	\N	\N	2013-07-25 15:21:56.907283	2013-07-25 15:21:56.907283
360	Video	183	17	videos	show	\N	470121dc6354d7ece01d81803a4cbd52ff739b9238e0d5b1f38053331558f951	127.0.0.1	0cf6292f73a9f289f682509eec58e288	\N	http://localhost:3000/videos	2013-07-25 16:35:21.397254	2013-07-25 16:35:21.397254
361	Video	183	17	videos	show	\N	71bc512a1d46f0b6078b0b02dfd632ffe83b718ca6e6a6a1a33dbed964f5a18c	127.0.0.1	0cf6292f73a9f289f682509eec58e288	\N	http://localhost:3000/videos	2013-07-25 16:35:25.043676	2013-07-25 16:35:25.043676
411	Video	1	17	videos	show	\N	bc4abe258d4571580bb300a256b36bc66be12ea2c3efd457185fba9afab436e5	127.0.0.1	0cf6292f73a9f289f682509eec58e288	\N	http://localhost:3000/videos/186	2013-07-25 17:39:38.482009	2013-07-25 17:39:38.482009
412	Video	1	17	videos	show	\N	ad785c64a5d6af96a9026a53f82a663d8a2f38921946dc99d50d659e55cfc7eb	127.0.0.1	0cf6292f73a9f289f682509eec58e288	\N	http://localhost:3000/videos/186	2013-07-25 17:40:33.772428	2013-07-25 17:40:33.772428
413	Video	1	17	videos	show	\N	fd7fff8550edd28ffb8f849b07bf221db5b0b41d923468070ad3e295f7f8567b	127.0.0.1	0cf6292f73a9f289f682509eec58e288	\N	http://localhost:3000/videos/186	2013-07-25 17:43:10.051701	2013-07-25 17:43:10.051701
414	Video	1	17	videos	show	\N	4e4d5ef67baf67de62fb8481c1f9905291397081d6169ce707ed41be88e68fe8	127.0.0.1	0cf6292f73a9f289f682509eec58e288	\N	http://localhost:3000/videos/186	2013-07-25 17:44:27.059575	2013-07-25 17:44:27.059575
415	Video	1	17	videos	show	\N	9b6c1470ed584fc19887ce70e9088917434bf1503b845fa736446cd960041662	127.0.0.1	0cf6292f73a9f289f682509eec58e288	\N	http://localhost:3000/videos/186	2013-07-25 17:45:33.853777	2013-07-25 17:45:33.853777
416	Video	1	17	videos	show	\N	504166513444db574f5e7a8ed90d721f4efe6858c6d468551c5198e1374cdd28	127.0.0.1	0cf6292f73a9f289f682509eec58e288	\N	http://localhost:3000/videos/186	2013-07-25 17:45:55.217229	2013-07-25 17:45:55.217229
417	Video	1	17	videos	show	\N	42f9010bb23c53411be5a4d629cf6ffaac15a7df5e1b4b23249dd5ef8771f9e6	127.0.0.1	0cf6292f73a9f289f682509eec58e288	\N	http://localhost:3000/videos/186	2013-07-25 17:46:19.435855	2013-07-25 17:46:19.435855
420	Video	81	17	videos	show	\N	a6bb90a6dbd68644c049c9f0545efe040e9bcdecc520ffe73a048da3626640cb	127.0.0.1	0cf6292f73a9f289f682509eec58e288	\N	http://localhost:3000/videos/186	2013-07-25 18:02:30.699982	2013-07-25 18:02:30.699982
421	Video	14	17	videos	show	\N	61036bbe7b81704fe4d37335095599cbe1336a5e56c528227d8b2fbbf9f14136	127.0.0.1	0cf6292f73a9f289f682509eec58e288	\N	http://localhost:3000/videos/81	2013-07-25 18:02:36.074382	2013-07-25 18:02:36.074382
422	Video	16	17	videos	show	\N	2f950cde5992df28ca34d2b3cf1f1af42bbc6ce6ce541b0ec9636455d5bc9a46	127.0.0.1	0cf6292f73a9f289f682509eec58e288	\N	http://localhost:3000/videos/14	2013-07-25 18:02:40.314662	2013-07-25 18:02:40.314662
424	Video	168	\N	videos	show	\N	dffeea79108fa72c6c6aec322f136bb21c6da383747fca27756b8e4384164c27	127.0.0.1	bae4caa744562a1c220b7134f0bd6543	\N	http://localhost:3000/videos?tag=kung+fu	2013-07-26 10:48:37.425235	2013-07-26 10:48:37.425235
425	Video	168	\N	videos	show	\N	409afc5dc9812bb1b406b4162d43633742e28fd43f2d950e14d2b5a415a2a390	127.0.0.1	bae4caa744562a1c220b7134f0bd6543	\N	http://localhost:3000/videos?tag=kung+fu	2013-07-26 10:48:55.381646	2013-07-26 10:48:55.381646
426	Video	168	\N	videos	show	\N	7f84120539047376c5f41817472fcdc31b710008d6d29c2278170374343cd574	127.0.0.1	bae4caa744562a1c220b7134f0bd6543	\N	http://localhost:3000/videos?tag=kung+fu	2013-07-26 10:49:54.995543	2013-07-26 10:49:54.995543
427	Video	75	\N	videos	show	\N	f28d24c8caa0f6ffb378ee5b6f2acb0a39f61b03c6a207b5903d7b36c552ccf7	127.0.0.1	bae4caa744562a1c220b7134f0bd6543	\N	http://localhost:3000/videos/168	2013-07-26 10:50:19.461374	2013-07-26 10:50:19.461374
429	Video	169	\N	videos	show	\N	ee667ffde41ea8ece6a7ae3ae28d16c51c837e2f3d9e99a2573ba2a789bf449e	127.0.0.1	7df5a24dcb0d5f9e690c73aa43764d54	\N	http://localhost:3000/	2013-07-31 13:35:22.286338	2013-07-31 13:35:22.286338
431	Video	181	\N	videos	show	\N	3e085040dc1536944748ebcc5b912fcc6782ddf22459ecdfa0643dfaf8c56651	127.0.0.1	7df5a24dcb0d5f9e690c73aa43764d54	\N	http://localhost:3000/videos	2013-07-31 13:36:09.001618	2013-07-31 13:36:09.001618
432	Video	168	\N	videos	show	\N	a45be727d6f7b00ca72d0cc5b5aefcb63a1a12fb799e7a1870b34f79c7aec7cb	127.0.0.1	7df5a24dcb0d5f9e690c73aa43764d54	\N	http://localhost:3000/videos?tag=kung+fu	2013-07-31 13:36:20.129127	2013-07-31 13:36:20.129127
433	Video	75	\N	videos	show	\N	b21ecb009e37dfb733b380b810c87ef069b9f53b403d98fc507ad4da39373b77	127.0.0.1	7df5a24dcb0d5f9e690c73aa43764d54	\N	http://localhost:3000/videos/168	2013-07-31 13:36:24.784144	2013-07-31 13:36:24.784144
434	Video	76	\N	videos	show	\N	9227be1593273f8285174deced62bd0c9191065bd52e95c1ac7db8b220c6eac3	127.0.0.1	7df5a24dcb0d5f9e690c73aa43764d54	\N	http://localhost:3000/videos/75	2013-07-31 13:36:28.880916	2013-07-31 13:36:28.880916
435	Video	78	\N	videos	show	\N	089a58bc5e4e65bfa7f8c32f1478ebe9952e4e914bb2760873c51dc3233393ab	127.0.0.1	7df5a24dcb0d5f9e690c73aa43764d54	\N	http://localhost:3000/videos/76	2013-07-31 13:36:32.305115	2013-07-31 13:36:32.305115
436	Video	87	\N	videos	show	\N	db9e481c59cd2fb78921d72dbf8b9f3b5cf850e365d411cebe087703b5ae92f1	127.0.0.1	7df5a24dcb0d5f9e690c73aa43764d54	\N	http://localhost:3000/videos	2013-07-31 13:36:47.267385	2013-07-31 13:36:47.267385
437	Video	159	\N	videos	show	\N	2a6212ceb5f094c027004deaf9a379dc4f3b53346bff67d94a7393f5c7996f7d	127.0.0.1	7df5a24dcb0d5f9e690c73aa43764d54	\N	http://localhost:3000/videos	2013-07-31 13:37:02.717048	2013-07-31 13:37:02.717048
465	Video	7	17	videos	show	\N	d0e0bd8f4e0c0f8f827cf65814ccbe7ab518a1cb93ac4e664fcf663e971a090c	127.0.0.1	f275dcc4af1dd9fe9313680f4d0d2d57	\N	http://localhost:3000/videos/186	2013-07-31 16:08:06.998963	2013-07-31 16:08:06.998963
466	Video	7	17	videos	show	\N	68e8936e7cb0f54608df36fc5ba349ddcf96db857d3355f568ffe644495b09dd	127.0.0.1	f275dcc4af1dd9fe9313680f4d0d2d57	\N	http://localhost:3000/videos/7	2013-07-31 16:08:18.426606	2013-07-31 16:08:18.426606
467	Video	7	17	videos	show	\N	dc8be20fb13227dfa270e9641894343f1847598e7b904e68d2eb5393c0e7e87f	127.0.0.1	f275dcc4af1dd9fe9313680f4d0d2d57	\N	http://localhost:3000/videos/7	2013-07-31 16:08:29.898646	2013-07-31 16:08:29.898646
468	Video	7	17	videos	show	\N	0665825254ee0b755815e658a3dfee7141f7d94726b1967a57c39b64b978d24d	127.0.0.1	f275dcc4af1dd9fe9313680f4d0d2d57	\N	http://localhost:3000/videos/7	2013-07-31 16:08:52.714356	2013-07-31 16:08:52.714356
469	Video	7	17	videos	show	\N	d5a99ce7ca2243d16964560ea76059242fe8a8b37552acd1fb5b6da6acb4c692	127.0.0.1	f275dcc4af1dd9fe9313680f4d0d2d57	\N	http://localhost:3000/videos/7	2013-07-31 16:09:02.037835	2013-07-31 16:09:02.037835
470	Video	7	17	videos	show	\N	2ed5d22bcedbfc3097561cac40f40b2f1400c6893b4474541f8d582ab3b40a96	127.0.0.1	f275dcc4af1dd9fe9313680f4d0d2d57	\N	http://localhost:3000/videos/7	2013-07-31 16:09:12.219006	2013-07-31 16:09:12.219006
471	Video	7	17	videos	show	\N	35e47edd756badc230f695e990b88eaf48489759962513adf2073691c405f221	127.0.0.1	f275dcc4af1dd9fe9313680f4d0d2d57	\N	http://localhost:3000/videos/7	2013-07-31 16:09:31.863656	2013-07-31 16:09:31.863656
472	Video	7	17	videos	show	\N	c4097aa5072023ba90ab1465a803c0d42d8c7b2beb197d31da5f11ae58639595	127.0.0.1	f275dcc4af1dd9fe9313680f4d0d2d57	\N	http://localhost:3000/videos/7	2013-07-31 16:11:08.648109	2013-07-31 16:11:08.648109
473	Video	7	17	videos	show	\N	6a03b39daacc3ab8329a059c408118ddec04d6fc2eccef04f2c90b0585520571	127.0.0.1	f275dcc4af1dd9fe9313680f4d0d2d57	\N	http://localhost:3000/videos/7	2013-07-31 16:12:17.089778	2013-07-31 16:12:17.089778
474	Video	7	17	videos	show	\N	291758514652d9e3f0aa07b693766d9c754ab9cc35ab44221ba4aeb749414947	127.0.0.1	f275dcc4af1dd9fe9313680f4d0d2d57	\N	http://localhost:3000/videos/7	2013-07-31 16:12:35.070752	2013-07-31 16:12:35.070752
475	Video	7	17	videos	show	\N	4245a4abfc46738e48bd00bf2fd54aa45559dd2aff80406a1daf37f8522e7be1	127.0.0.1	f275dcc4af1dd9fe9313680f4d0d2d57	\N	http://localhost:3000/videos/7	2013-07-31 16:15:39.180292	2013-07-31 16:15:39.180292
476	Video	7	17	videos	show	\N	6adfed76936e370241e69293ed6d52dca16858890aaa965b9a897c7f8043a02b	127.0.0.1	f275dcc4af1dd9fe9313680f4d0d2d57	\N	http://localhost:3000/videos/7	2013-07-31 16:52:35.873281	2013-07-31 16:52:35.873281
477	Video	7	17	videos	show	\N	3a037706cdac946ea49865e380fff02de0408ff7f3d4c364dcff0b44820fa784	127.0.0.1	f275dcc4af1dd9fe9313680f4d0d2d57	\N	http://localhost:3000/videos/7	2013-07-31 16:52:51.263963	2013-07-31 16:52:51.263963
478	Video	7	17	videos	show	\N	3e7b9e675cae48e3efc69b29c7407b2d87377957f9404d8491b3d3c7565017b6	127.0.0.1	f275dcc4af1dd9fe9313680f4d0d2d57	\N	http://localhost:3000/videos/7	2013-07-31 16:54:32.857337	2013-07-31 16:54:32.857337
479	Video	7	17	videos	show	\N	4c109a42407ef2b6775521d41f3f8a9f4dfa32c309dff904879d0ad41c510a69	127.0.0.1	f275dcc4af1dd9fe9313680f4d0d2d57	\N	http://localhost:3000/videos/7	2013-07-31 16:55:01.122675	2013-07-31 16:55:01.122675
480	Video	7	17	videos	show	\N	e1aeb26f496063a9e044bcb2bbcffeb25c040a0ef305a025e2c17a7f3a2b0889	127.0.0.1	f275dcc4af1dd9fe9313680f4d0d2d57	\N	http://localhost:3000/videos/7	2013-07-31 16:58:50.087626	2013-07-31 16:58:50.087626
481	Video	7	17	videos	show	\N	3e89493c0964f2b7bd9810db000535e30c0749de05d1f8f7fc8b7ebb03a0e6ed	127.0.0.1	f275dcc4af1dd9fe9313680f4d0d2d57	\N	http://localhost:3000/videos/7	2013-07-31 17:03:01.460294	2013-07-31 17:03:01.460294
482	Video	7	17	videos	show	\N	f27b93d565901c5b8ea5a5ab50677245c2b82d59deff214d7bff03f4f465f1ea	127.0.0.1	f275dcc4af1dd9fe9313680f4d0d2d57	\N	http://localhost:3000/videos/186	2013-07-31 17:29:13.083386	2013-07-31 17:29:13.083386
483	Video	7	17	videos	show	\N	cbe238deb41711f41cd4976a2253274f5677b8b4edf0c3707561a6e498859dc9	127.0.0.1	f275dcc4af1dd9fe9313680f4d0d2d57	\N	http://localhost:3000/videos/186	2013-07-31 17:31:04.051297	2013-07-31 17:31:04.051297
484	Video	7	17	videos	show	\N	70ee86271526a16df7c9febf8b4f5eb2014fd8b0fe966aba1171040f0d178c2c	127.0.0.1	f275dcc4af1dd9fe9313680f4d0d2d57	\N	http://localhost:3000/videos/186	2013-07-31 17:31:26.29257	2013-07-31 17:31:26.29257
485	Video	7	17	videos	show	\N	9b8b45765c6de3b438d003d2965bc68927f8b4fe2eab87b8a797e24f7f7ee6a0	127.0.0.1	f275dcc4af1dd9fe9313680f4d0d2d57	\N	http://localhost:3000/videos/186	2013-07-31 17:31:56.050346	2013-07-31 17:31:56.050346
486	Video	7	17	videos	show	\N	cb9911927fc065591ac26c3688fe09fdf20cca93b782f9e0c61cf7c921efcd71	127.0.0.1	f275dcc4af1dd9fe9313680f4d0d2d57	\N	http://localhost:3000/videos/186	2013-07-31 17:32:43.719063	2013-07-31 17:32:43.719063
487	Video	7	17	videos	show	\N	226c5f6fbc5e1874ad21143109a69fe29edad59a97325f146b42c754b439e60d	127.0.0.1	f275dcc4af1dd9fe9313680f4d0d2d57	\N	http://localhost:3000/videos/186	2013-07-31 17:33:23.486671	2013-07-31 17:33:23.486671
488	Video	7	17	videos	show	\N	09d47cb1ede6766b88e29e56016fb81ce77411b3dd9a8e88001c0722afd35961	127.0.0.1	f275dcc4af1dd9fe9313680f4d0d2d57	\N	http://localhost:3000/videos/186	2013-07-31 17:34:09.502166	2013-07-31 17:34:09.502166
489	Video	7	17	videos	show	\N	4588febe600a5f60ef394c079800e08348d0566161f0d3b7c2c430b095e858a4	127.0.0.1	f275dcc4af1dd9fe9313680f4d0d2d57	\N	http://localhost:3000/videos/186	2013-07-31 17:34:49.06753	2013-07-31 17:34:49.06753
490	Video	7	17	videos	show	\N	b81b16dfdd0d2ce3983def0ec29a824d916f2e41f07a4819c02eee22265536d3	127.0.0.1	f275dcc4af1dd9fe9313680f4d0d2d57	\N	http://localhost:3000/videos/186	2013-07-31 17:35:28.270275	2013-07-31 17:35:28.270275
491	Video	7	17	videos	show	\N	c2f41c197a593a5241999c752395fcb8ebaf599bbe9093a679a73955d3291b33	127.0.0.1	f275dcc4af1dd9fe9313680f4d0d2d57	\N	http://localhost:3000/videos/186	2013-07-31 17:36:47.759877	2013-07-31 17:36:47.759877
492	Video	7	17	videos	show	\N	68e3aa27d3c1ac2cacbd3c493042f38b02f5921ec2e1ef0436a19d46803d7e65	127.0.0.1	f275dcc4af1dd9fe9313680f4d0d2d57	\N	http://localhost:3000/videos/186	2013-07-31 17:37:12.798359	2013-07-31 17:37:12.798359
493	Video	7	17	videos	show	\N	824a747143d6c81abc3a345d124fd379b9c24c4461f5c096e4c3608b96223581	127.0.0.1	f275dcc4af1dd9fe9313680f4d0d2d57	\N	http://localhost:3000/videos/7	2013-07-31 17:37:32.570892	2013-07-31 17:37:32.570892
494	Video	7	17	videos	show	\N	a089a7ce32ae447c8f39bda4cce2cffa8b93384b03a2e9bafd1d7e0d5b84420f	127.0.0.1	f275dcc4af1dd9fe9313680f4d0d2d57	\N	http://localhost:3000/videos/7	2013-07-31 19:08:04.353242	2013-07-31 19:08:04.353242
495	Video	7	17	videos	show	\N	85021b3645f1dd40cc52f8d371f33f23a7bd73e082538c78e6f9c9cd8aec5507	127.0.0.1	f275dcc4af1dd9fe9313680f4d0d2d57	\N	http://localhost:3000/videos/7	2013-07-31 19:09:25.425839	2013-07-31 19:09:25.425839
496	Video	7	17	videos	show	\N	5bbcf708278f572c341d21cd0ee39baa59f9cc352c6e123aabfd00fafe11314e	127.0.0.1	f275dcc4af1dd9fe9313680f4d0d2d57	\N	http://localhost:3000/videos/7	2013-07-31 19:10:44.261295	2013-07-31 19:10:44.261295
497	Video	7	17	videos	show	\N	b44561ffd8a364b60475248a3595d9edbe4289fe8e003b6d5630e77ab4f1559d	127.0.0.1	f275dcc4af1dd9fe9313680f4d0d2d57	\N	http://localhost:3000/videos/7	2013-07-31 19:11:17.179033	2013-07-31 19:11:17.179033
498	Video	7	17	videos	show	\N	0aaa544f3cfc0f7711b913a565afcc621cdba90012c27cd3693934ea02d6653d	127.0.0.1	f275dcc4af1dd9fe9313680f4d0d2d57	\N	http://localhost:3000/videos/7	2013-07-31 19:11:51.787702	2013-07-31 19:11:51.787702
499	Video	7	17	videos	show	\N	eb3276285297816169744a762aa0fc8e2845bf8e1ac547b0c537d64262ae71f7	127.0.0.1	f275dcc4af1dd9fe9313680f4d0d2d57	\N	http://localhost:3000/videos/7	2013-07-31 19:12:11.327286	2013-07-31 19:12:11.327286
500	Video	7	17	videos	show	\N	fc7642a1902691fa471d31d9a65f757d85e5c8ff83873113fd17ab5d1b85f611	127.0.0.1	f275dcc4af1dd9fe9313680f4d0d2d57	\N	http://localhost:3000/videos/7	2013-07-31 19:12:51.929919	2013-07-31 19:12:51.929919
501	Video	7	17	videos	show	\N	814ba046a11e1ae3ed95c62a553820436508e21a60e1fd2d7dd75b052e0db010	127.0.0.1	f275dcc4af1dd9fe9313680f4d0d2d57	\N	http://localhost:3000/videos/7	2013-07-31 19:13:03.948388	2013-07-31 19:13:03.948388
502	Video	7	17	videos	show	\N	75c5400425e217138e5a2911c8cf60f07c2c4554dbe4383dacada9185d8ee9b5	127.0.0.1	f275dcc4af1dd9fe9313680f4d0d2d57	\N	http://localhost:3000/videos/7	2013-07-31 19:13:14.176176	2013-07-31 19:13:14.176176
503	Video	7	17	videos	show	\N	e030a334b7c9b416b44fa36892ab266e3afc8b32287764b5671c8bed2ae21b73	127.0.0.1	f275dcc4af1dd9fe9313680f4d0d2d57	\N	http://localhost:3000/videos/7	2013-07-31 19:18:25.461872	2013-07-31 19:18:25.461872
504	Video	7	17	videos	show	\N	1e55e06e80b1cff8eab2713261258edb0186f498e111c3ea59c90cfed88b746f	127.0.0.1	f275dcc4af1dd9fe9313680f4d0d2d57	\N	http://localhost:3000/videos/7	2013-07-31 19:18:34.936372	2013-07-31 19:18:34.936372
505	Video	7	17	videos	show	\N	7c8348c13c1e8880a61eff79208dd4cab5bb6c815b629c2a571900a886148c1e	127.0.0.1	f275dcc4af1dd9fe9313680f4d0d2d57	\N	http://localhost:3000/videos/7	2013-07-31 19:19:01.591212	2013-07-31 19:19:01.591212
506	Video	7	17	videos	show	\N	e72f06656b48dd9f1240785a4a0826da922853032e948fae80d0e9e1f1b1bf11	127.0.0.1	f275dcc4af1dd9fe9313680f4d0d2d57	\N	http://localhost:3000/videos/7	2013-07-31 19:19:19.407472	2013-07-31 19:19:19.407472
507	Video	7	17	videos	show	\N	75fb5f74b504c486a0b3a96a18b99c45b33893258874a885e92b91f3617b2f7a	127.0.0.1	f275dcc4af1dd9fe9313680f4d0d2d57	\N	http://localhost:3000/videos/7	2013-07-31 19:21:46.525974	2013-07-31 19:21:46.525974
508	Video	7	17	videos	show	\N	f538afc39af524a16e34e45f844b2c18c5fdac95780735c0626ca878c460d1ca	127.0.0.1	f275dcc4af1dd9fe9313680f4d0d2d57	\N	http://localhost:3000/videos/7	2013-07-31 19:22:15.643561	2013-07-31 19:22:15.643561
509	Video	7	17	videos	show	\N	630683bd4c5ed294b96b9d9149f115a914a1eb03767e8f24530ab7c1776dfda1	127.0.0.1	f275dcc4af1dd9fe9313680f4d0d2d57	\N	http://localhost:3000/videos/7	2013-07-31 19:22:28.453176	2013-07-31 19:22:28.453176
510	Video	7	17	videos	show	\N	8160b1ba4521a42cf069944d075388302a20f9d572a73ee496fe5aa88c8d8895	127.0.0.1	f275dcc4af1dd9fe9313680f4d0d2d57	\N	http://localhost:3000/videos/7	2013-07-31 19:23:21.105315	2013-07-31 19:23:21.105315
511	Video	7	17	videos	show	\N	9d0c55d8724a4f214ba760395e5a78ff90c81aa21f5c7663d26cf25a41b9a462	127.0.0.1	f275dcc4af1dd9fe9313680f4d0d2d57	\N	http://localhost:3000/videos/7	2013-07-31 19:34:11.097258	2013-07-31 19:34:11.097258
512	Video	7	17	videos	show	\N	91547330f98aa4afaa3229ae2f168831c7f0df8a596b877277e15e0e15fe1e52	127.0.0.1	f275dcc4af1dd9fe9313680f4d0d2d57	\N	http://localhost:3000/videos/7	2013-07-31 19:36:26.975663	2013-07-31 19:36:26.975663
513	Video	7	17	videos	show	\N	2cc794a7827a6a829c2c420831902d39ec6546a44d8f355a480ca69a8acc2b53	127.0.0.1	f275dcc4af1dd9fe9313680f4d0d2d57	\N	http://localhost:3000/videos/7	2013-07-31 19:36:36.377208	2013-07-31 19:36:36.377208
514	Video	7	17	videos	show	\N	c1e46b16577d29f5920fbaf165cc2af6c00efec131ffa418bb45512800867577	127.0.0.1	f275dcc4af1dd9fe9313680f4d0d2d57	\N	http://localhost:3000/videos/7	2013-07-31 19:36:59.891367	2013-07-31 19:36:59.891367
515	Video	7	17	videos	show	\N	0be4c1ce6957ad27bd604db9e8cedb4e340b8bef38daae1d19d14438d72201a4	127.0.0.1	f275dcc4af1dd9fe9313680f4d0d2d57	\N	http://localhost:3000/videos/7	2013-07-31 19:37:32.009252	2013-07-31 19:37:32.009252
516	Video	7	17	videos	show	\N	ac55964b1891f9ce0af36b8d3011d31737166dc06fb35580ab3fa0ea30161fe7	127.0.0.1	f275dcc4af1dd9fe9313680f4d0d2d57	\N	http://localhost:3000/videos/7	2013-07-31 19:37:44.943276	2013-07-31 19:37:44.943276
517	Video	7	17	videos	show	\N	9c2da5b07dbb16b8111711a153e98fd5079cf8441e70f7269c2f955370a65dfa	127.0.0.1	f275dcc4af1dd9fe9313680f4d0d2d57	\N	http://localhost:3000/videos/7	2013-07-31 19:53:43.128352	2013-07-31 19:53:43.128352
518	Video	7	17	videos	show	\N	7cc62087e6056aaabd72fc9bb8c7a75d8390e9c44f0a00f801f6ecdbd3418ab6	127.0.0.1	f275dcc4af1dd9fe9313680f4d0d2d57	\N	http://localhost:3000/videos/7	2013-07-31 19:54:20.542439	2013-07-31 19:54:20.542439
519	Video	7	17	videos	show	\N	2d653686524fdd0aec32b2a6c58afa7b2d6a93e332fb7066ce9ba46a67e3c128	127.0.0.1	f275dcc4af1dd9fe9313680f4d0d2d57	\N	http://localhost:3000/videos/7	2013-07-31 19:54:52.962401	2013-07-31 19:54:52.962401
520	Video	7	17	videos	show	\N	ebc4d1be739bd380413f9492910d9dbb8dbb491521db965e0447b1e4065d0432	127.0.0.1	f275dcc4af1dd9fe9313680f4d0d2d57	\N	http://localhost:3000/videos/7	2013-07-31 19:55:48.630876	2013-07-31 19:55:48.630876
521	Video	7	17	videos	show	\N	92b203aa63e26dd3973855ec3b72b49cba1b16e9ef9cc396489e0dc4f6fb75e8	127.0.0.1	f275dcc4af1dd9fe9313680f4d0d2d57	\N	http://localhost:3000/videos/7	2013-07-31 19:56:10.083636	2013-07-31 19:56:10.083636
522	Video	7	17	videos	show	\N	f5a9296db7bbb09904b8d6bd0a8f7434264e05e7c964edebd80296655dd2f398	127.0.0.1	f275dcc4af1dd9fe9313680f4d0d2d57	\N	http://localhost:3000/videos/7	2013-07-31 19:57:34.552403	2013-07-31 19:57:34.552403
523	Video	7	17	videos	show	\N	03294d8630f792043e30c7ead5d895cefd39eaaf6161ad2c0fe7943924fd72b1	127.0.0.1	f275dcc4af1dd9fe9313680f4d0d2d57	\N	http://localhost:3000/videos/7	2013-07-31 19:57:52.389348	2013-07-31 19:57:52.389348
524	Video	7	17	videos	show	\N	e43a00ece7d897a843fd0527ea802eda8ca8ae99bb1ac44db692d81d82f9b744	127.0.0.1	f275dcc4af1dd9fe9313680f4d0d2d57	\N	http://localhost:3000/videos/7	2013-07-31 19:58:19.888894	2013-07-31 19:58:19.888894
525	Video	7	17	videos	show	\N	d2e9d7fe6375be9058c46a4174136e9cc45014bc9600022c5366dc7d5dfa83fc	127.0.0.1	f275dcc4af1dd9fe9313680f4d0d2d57	\N	http://localhost:3000/videos/7	2013-07-31 20:00:49.351412	2013-07-31 20:00:49.351412
526	Video	7	17	videos	show	\N	d96eea57a4cecfcbe9ef4fc595712b87d002adc9a755c0f5cd1b1e3aed70db5f	127.0.0.1	f275dcc4af1dd9fe9313680f4d0d2d57	\N	http://localhost:3000/videos/7	2013-07-31 20:01:04.368137	2013-07-31 20:01:04.368137
527	Video	7	17	videos	show	\N	2e8044c98ae9cd70bfb1877c7f6011c73261bacbf348b6a426d9c129a1426651	127.0.0.1	f275dcc4af1dd9fe9313680f4d0d2d57	\N	http://localhost:3000/videos/7	2013-07-31 20:04:20.743793	2013-07-31 20:04:20.743793
528	Video	7	17	videos	show	\N	27f6745855dac2e84252c66e8fc141f1a300da88ca8ea6e76a7fcba7f22cbc6d	127.0.0.1	f275dcc4af1dd9fe9313680f4d0d2d57	\N	http://localhost:3000/videos/7	2013-07-31 20:07:22.867939	2013-07-31 20:07:22.867939
529	Video	7	17	videos	show	\N	8520f06f1361b9a0c0d3026f66a6febf638141e2d45b992fde046d315930fd8a	127.0.0.1	f275dcc4af1dd9fe9313680f4d0d2d57	\N	http://localhost:3000/videos/7	2013-07-31 20:11:18.341433	2013-07-31 20:11:18.341433
530	Video	7	17	videos	show	\N	59e8b242ebf6ea9bddbd40441e093136f3b5ecec24a3ced3558a1e39c6f4121a	127.0.0.1	f275dcc4af1dd9fe9313680f4d0d2d57	\N	http://localhost:3000/videos/7	2013-07-31 20:12:26.127875	2013-07-31 20:12:26.127875
531	Video	7	17	videos	show	\N	40ee482e59b666f957cc1df1996cc41ded285197cd2fb4e70b1b598945063b82	127.0.0.1	f275dcc4af1dd9fe9313680f4d0d2d57	\N	http://localhost:3000/videos/7	2013-07-31 20:12:31.561622	2013-07-31 20:12:31.561622
532	Video	7	17	videos	show	\N	e88030d4de5147b79a6bb2521222a585810ddf06493374a5e1a62fcad1989d7e	127.0.0.1	f275dcc4af1dd9fe9313680f4d0d2d57	\N	http://localhost:3000/videos/7	2013-07-31 20:12:39.374051	2013-07-31 20:12:39.374051
533	Video	7	17	videos	show	\N	83f77e6d6b6a6cd48df87deb1023dd59a793c0511f411057d98e781833e1097e	127.0.0.1	f275dcc4af1dd9fe9313680f4d0d2d57	\N	http://localhost:3000/videos/7	2013-07-31 20:14:36.986511	2013-07-31 20:14:36.986511
534	Video	7	17	videos	show	\N	b497caa2e238ed818c4b39eae182f335743b5f399900f3d8b3f370fbaf84f0f8	127.0.0.1	f275dcc4af1dd9fe9313680f4d0d2d57	\N	http://localhost:3000/videos/7	2013-07-31 20:15:10.733681	2013-07-31 20:15:10.733681
535	Video	7	17	videos	show	\N	c19048bc509cadabee58a638c8e2fdae441e4f3b71690fbea4bb494caab787dd	127.0.0.1	f275dcc4af1dd9fe9313680f4d0d2d57	\N	http://localhost:3000/videos/7	2013-07-31 20:16:15.431366	2013-07-31 20:16:15.431366
536	Video	5	17	videos	show	\N	240b6fc8443affd1d6863091c807a1416cc60103acada56e65976a37a851f22c	127.0.0.1	f275dcc4af1dd9fe9313680f4d0d2d57	\N	http://localhost:3000/videos/7	2013-07-31 20:16:31.105566	2013-07-31 20:16:31.105566
537	Video	5	17	videos	show	\N	4c7776ebf81fcfb360c0bfd70e38fd25be57c84084f827809e59508a08dcc301	127.0.0.1	f275dcc4af1dd9fe9313680f4d0d2d57	\N	http://localhost:3000/videos/5	2013-07-31 20:16:57.925748	2013-07-31 20:16:57.925748
538	Video	5	17	videos	show	\N	639cbaa7d1955250f69b9fd6f57b0a2f146fea7c2317e5707a9b593ab27c6204	127.0.0.1	f275dcc4af1dd9fe9313680f4d0d2d57	\N	http://localhost:3000/videos/5	2013-07-31 20:17:10.281841	2013-07-31 20:17:10.281841
539	Video	5	17	videos	show	\N	b2ccc447d8f1714b223b3f805630115ef7469cebc7c5f607692ca017d1e2c5da	127.0.0.1	f275dcc4af1dd9fe9313680f4d0d2d57	\N	http://localhost:3000/videos/5	2013-07-31 20:17:22.533	2013-07-31 20:17:22.533
540	Video	5	17	videos	show	\N	6ea9f6dee64dbf365e224e503f65fef61e9f73b29f51afe916909a8f5441591f	127.0.0.1	f275dcc4af1dd9fe9313680f4d0d2d57	\N	http://localhost:3000/videos/5	2013-07-31 20:17:45.606149	2013-07-31 20:17:45.606149
541	Video	5	17	videos	show	\N	4dab614acee3eeb60ee4967582cc1f330c833ba0452671ee17082d5f0752b2c8	127.0.0.1	f275dcc4af1dd9fe9313680f4d0d2d57	\N	http://localhost:3000/videos/5	2013-07-31 20:18:00.237462	2013-07-31 20:18:00.237462
542	Video	5	17	videos	show	\N	0e6f58472ff466f124e312cbbd0dbe67a7f68f27055904a4b299ef4084a7f0c4	127.0.0.1	f275dcc4af1dd9fe9313680f4d0d2d57	\N	http://localhost:3000/videos/5	2013-07-31 20:18:34.035207	2013-07-31 20:18:34.035207
543	Video	5	17	videos	show	\N	eebbce6d6d4322e07741fb1eaf8df2009f26c5f9a7e163ef290e224ddf929f81	127.0.0.1	f275dcc4af1dd9fe9313680f4d0d2d57	\N	http://localhost:3000/videos/5	2013-07-31 20:18:42.646252	2013-07-31 20:18:42.646252
544	Video	5	17	videos	show	\N	58a6aa7986110d0ea73bc71d61cd921888b7383047fb2c01acd0593c16f5e2ad	127.0.0.1	f275dcc4af1dd9fe9313680f4d0d2d57	\N	http://localhost:3000/videos/5	2013-07-31 20:18:54.32086	2013-07-31 20:18:54.32086
545	Video	5	17	videos	show	\N	7b66667ec882d07373c5d137e946f8d0cd123429133a5c0c3c5390c69a85d432	127.0.0.1	f275dcc4af1dd9fe9313680f4d0d2d57	\N	http://localhost:3000/videos/5	2013-07-31 20:19:25.702521	2013-07-31 20:19:25.702521
638	Video	6	17	videos	show	\N	c5d787bbdc220fa542c5312eae8fd902b74562d7e7de1818c272838e3539fe39	127.0.0.1	2b5d274daa41481f15994af7448248d7	\N	\N	2013-08-06 14:23:07.317122	2013-08-06 14:23:07.317122
622	Video	7	17	videos	show	\N	f7fa1997b72748eddc87794c55db02f1187748b7c65a26a52a54155bf5f90903	127.0.0.1	2b5d274daa41481f15994af7448248d7	\N	http://localhost:3000/videos/186	2013-08-06 14:07:53.247857	2013-08-06 14:07:53.247857
623	Video	7	17	videos	show	\N	349c43f09bbaac914da72d0f96f7a11d5f038c9b7e1ca74dbecfd93e5d78bca2	127.0.0.1	2b5d274daa41481f15994af7448248d7	\N	http://localhost:3000/videos/186	2013-08-06 14:09:36.142474	2013-08-06 14:09:36.142474
624	Video	7	17	videos	show	\N	e75b635bbd243222d913083d8be139247794941dfb792df218b9e9a09e259c58	127.0.0.1	2b5d274daa41481f15994af7448248d7	\N	http://localhost:3000/videos/186	2013-08-06 14:09:48.747128	2013-08-06 14:09:48.747128
625	Video	7	17	videos	show	\N	502c5fca41f49d988936d6b8f404bf05001e4bdde71d9de0d5a53d084b9290b5	127.0.0.1	2b5d274daa41481f15994af7448248d7	\N	http://localhost:3000/videos/186	2013-08-06 14:10:27.23253	2013-08-06 14:10:27.23253
626	Video	7	17	videos	show	\N	19625863fe97e0f4829c509a713f6dfb340f9cada1c72f49e314ee85904ef69d	127.0.0.1	2b5d274daa41481f15994af7448248d7	\N	http://localhost:3000/videos/186	2013-08-06 14:15:19.739471	2013-08-06 14:15:19.739471
627	Video	7	17	videos	show	\N	54b526453245078424bf329e79ca9a4d7830e1b244c4d335a17a86358941b725	127.0.0.1	2b5d274daa41481f15994af7448248d7	\N	http://localhost:3000/videos/186	2013-08-06 14:16:22.621856	2013-08-06 14:16:22.621856
628	Video	7	17	videos	show	\N	8943c11ec5adf7b1f4965d70f3acdffb5a0239b4c6c7d4f220bd26b4af1ad619	127.0.0.1	2b5d274daa41481f15994af7448248d7	\N	http://localhost:3000/videos/186	2013-08-06 14:17:27.312559	2013-08-06 14:17:27.312559
629	Video	7	17	videos	show	\N	cf3fe506e1d3c578a209e8fa9debdf21472a1fa8edebb9c239e25a0d333ce80c	127.0.0.1	2b5d274daa41481f15994af7448248d7	\N	http://localhost:3000/videos/186	2013-08-06 14:17:34.162078	2013-08-06 14:17:34.162078
630	Video	7	17	videos	show	\N	400fbac2a9bc0f8c979729248e986db5e9f7615ecb9cf562dbb3c4ba8ea6d9c5	127.0.0.1	2b5d274daa41481f15994af7448248d7	\N	http://localhost:3000/videos/186	2013-08-06 14:17:54.871095	2013-08-06 14:17:54.871095
631	Video	3	17	videos	show	\N	4f46eb8d49d3651fccce65a1c3766cd2d0af0077dc57965ca252a5e457e773a4	127.0.0.1	2b5d274daa41481f15994af7448248d7	\N	http://localhost:3000/videos/7	2013-08-06 14:18:01.170591	2013-08-06 14:18:01.170591
632	Video	4	17	videos	show	\N	be5af54743be6c06e1cd84656b21bc3e180353aefcda62c1e873dd6e5c65a693	127.0.0.1	2b5d274daa41481f15994af7448248d7	\N	http://localhost:3000/videos/3	2013-08-06 14:18:04.327155	2013-08-06 14:18:04.327155
633	Video	4	17	videos	show	\N	0d644fcfa08c3012b1edb63cfd6c28ca6c93b8a76f0dad8571bc38dbd3bcb07b	127.0.0.1	2b5d274daa41481f15994af7448248d7	\N	http://localhost:3000/videos/3	2013-08-06 14:19:23.946979	2013-08-06 14:19:23.946979
634	Video	4	17	videos	show	\N	c49c075954b28b49022faa9f6992446ceaa8ec9fbc244d9683424b5f3434e5ca	127.0.0.1	2b5d274daa41481f15994af7448248d7	\N	http://localhost:3000/videos/3	2013-08-06 14:21:57.040814	2013-08-06 14:21:57.040814
635	Video	6	17	videos	show	\N	5b5f1efc31e0e9d2b4ed51442195f1592b740068e2c436c0413032f9ec40691a	127.0.0.1	2b5d274daa41481f15994af7448248d7	\N	http://localhost:3000/videos/4	2013-08-06 14:22:04.375	2013-08-06 14:22:04.375
636	Video	6	17	videos	show	\N	0974e2b6f43c1360daa4b8dd290f0620b2e64c89f3e19b6780c1b50fe0147461	127.0.0.1	2b5d274daa41481f15994af7448248d7	\N	\N	2013-08-06 14:22:49.327525	2013-08-06 14:22:49.327525
637	Video	6	17	videos	show	\N	41b49d076b798fe3534ce7155e8bdca0e7dafc803d3bb33a01e568de58ad93c7	127.0.0.1	2b5d274daa41481f15994af7448248d7	\N	\N	2013-08-06 14:22:54.948471	2013-08-06 14:22:54.948471
639	Video	6	17	videos	show	\N	7746486beff579f0b2ff5737644e18630e992cce79c35fc749873182b9c80ad2	127.0.0.1	2b5d274daa41481f15994af7448248d7	\N	\N	2013-08-06 15:15:04.337682	2013-08-06 15:15:04.337682
640	Video	6	17	videos	show	\N	c85cebef0e2b0ab26783b1eb0eb6af36a4b6cf12f901c084a320f7a7327d8f59	127.0.0.1	2b5d274daa41481f15994af7448248d7	\N	\N	2013-08-06 15:15:12.515885	2013-08-06 15:15:12.515885
641	Video	6	17	videos	show	\N	a58660990d85488c35af32b2844b10f11d43ca1df5a0e5db20cb30884e3aa22a	127.0.0.1	2b5d274daa41481f15994af7448248d7	\N	\N	2013-08-06 15:15:19.312498	2013-08-06 15:15:19.312498
642	Video	6	17	videos	show	\N	7facf71f2f7612219f4fc426fa038fb78f8f20ec8cdfe73a571e248235504c06	127.0.0.1	2b5d274daa41481f15994af7448248d7	\N	\N	2013-08-06 15:16:08.506736	2013-08-06 15:16:08.506736
643	Video	3	17	videos	show	\N	c5a1cb1cb7ac6c713461b0e8cb66eb046ed53dd8139792576fd384c00c108630	127.0.0.1	2b5d274daa41481f15994af7448248d7	\N	http://localhost:3000/videos/6	2013-08-06 15:16:25.779236	2013-08-06 15:16:25.779236
644	Video	5	17	videos	show	\N	b0ea53056ad8453108d05a0ed1ab29582106aed36384812a149027bbbab7f233	127.0.0.1	2b5d274daa41481f15994af7448248d7	\N	http://localhost:3000/videos/3	2013-08-06 15:16:42.662223	2013-08-06 15:16:42.662223
645	Video	5	17	videos	show	\N	4b7edb227744e2427d7ca861b4fc11130fe091d67ac1afbfe7cc7a244158c6ca	127.0.0.1	2b5d274daa41481f15994af7448248d7	\N	http://localhost:3000/videos/3	2013-08-06 15:18:05.951596	2013-08-06 15:18:05.951596
646	Video	4	17	videos	show	\N	2a8f8667b97e3fbd730e6ddbb7567ba96b36ff8a8d1b8ef18b0b7ef5d17bee6e	127.0.0.1	2b5d274daa41481f15994af7448248d7	\N	http://localhost:3000/videos/5	2013-08-06 15:18:10.704548	2013-08-06 15:18:10.704548
647	Video	3	17	videos	show	\N	fdc44fed22248e52c8a6f1cf5282992d60eeade19436f718c119e7b617381e88	127.0.0.1	2b5d274daa41481f15994af7448248d7	\N	http://localhost:3000/videos/4	2013-08-06 15:18:14.701135	2013-08-06 15:18:14.701135
648	Video	11	17	videos	show	\N	738267ac908792004169df3b852d3f91ecfe9af025c269e705ff558f253fdf11	127.0.0.1	2b5d274daa41481f15994af7448248d7	\N	http://localhost:3000/videos/3	2013-08-06 15:18:19.031116	2013-08-06 15:18:19.031116
649	Video	11	17	videos	show	\N	7105a2a91d53a4759a500da842ec143cf5be4c3ebd5ca0be4e0e1af995d770ef	127.0.0.1	2b5d274daa41481f15994af7448248d7	\N	http://localhost:3000/videos/3	2013-08-06 15:18:22.066365	2013-08-06 15:18:22.066365
650	Video	11	17	videos	show	\N	7fdf51037a14309f3becff092e3e821d61aaea5496facfb56869861a05c50e0d	127.0.0.1	2b5d274daa41481f15994af7448248d7	\N	http://localhost:3000/videos/3	2013-08-06 15:19:40.509812	2013-08-06 15:19:40.509812
651	Video	11	17	videos	show	\N	e13cb12fbb536e96c11a754e7db179144c69081b3c77a9a179c244feed632afc	127.0.0.1	2b5d274daa41481f15994af7448248d7	\N	http://localhost:3000/videos/3	2013-08-06 15:19:57.030693	2013-08-06 15:19:57.030693
652	Video	11	17	videos	show	\N	23380f0197c2add303dc37bad8f06710af4a8b331bed5c86df7aaea55e58b7d7	127.0.0.1	2b5d274daa41481f15994af7448248d7	\N	http://localhost:3000/videos/11	2013-08-06 15:20:01.841753	2013-08-06 15:20:01.841753
653	Video	11	17	videos	show	\N	c6da35363db35bc5898eace7a76829eea23ee011443d8f6576fe395a85587dc3	127.0.0.1	2b5d274daa41481f15994af7448248d7	\N	http://localhost:3000/videos/11	2013-08-06 15:20:48.410935	2013-08-06 15:20:48.410935
654	Video	55	17	videos	show	\N	2086241d333cbf552c8c7f766ba92414b292837667dd57f92e7bd1fe1962c1b8	127.0.0.1	2b5d274daa41481f15994af7448248d7	\N	http://localhost:3000/videos/11	2013-08-06 15:20:54.379159	2013-08-06 15:20:54.379159
655	Video	55	17	videos	show	\N	42a65957011bb5d302e4dafeaf1a7f94b48f49d3d08cb79575fde52d99ec8fa7	127.0.0.1	2b5d274daa41481f15994af7448248d7	\N	http://localhost:3000/videos/11	2013-08-06 15:20:59.675946	2013-08-06 15:20:59.675946
656	Video	180	17	videos	show	\N	c566d3fb6a16e2e9bfdd830b361aeec43039e70dbee02f3bf614c24525dd6cac	127.0.0.1	2b5d274daa41481f15994af7448248d7	\N	http://localhost:3000/videos	2013-08-06 15:34:53.120413	2013-08-06 15:34:53.120413
657	Video	180	17	videos	show	\N	eb7d3e72b6e35ae7602a53ff007b36f164fb9dae113710f7c4461e142849fb90	127.0.0.1	2b5d274daa41481f15994af7448248d7	\N	http://localhost:3000/videos	2013-08-06 15:35:08.874101	2013-08-06 15:35:08.874101
658	Video	180	17	videos	show	\N	c38bfb6cd5930ac6e3ada21a4f008815883eff6329212c12bd01564f8b38340e	127.0.0.1	2b5d274daa41481f15994af7448248d7	\N	http://localhost:3000/videos	2013-08-06 15:35:54.439011	2013-08-06 15:35:54.439011
659	Video	180	17	videos	show	\N	fb5d26ac65a00f6ba529128fa98b0e3048c1e2357651af5ebfb5d80ee41d3078	127.0.0.1	2b5d274daa41481f15994af7448248d7	\N	http://localhost:3000/videos	2013-08-06 15:36:00.373694	2013-08-06 15:36:00.373694
660	Video	180	17	videos	show	\N	faada97a786d4dd0bd7a8c3f57466712dba556d15cdc63ddd14ac4cba6094157	127.0.0.1	2b5d274daa41481f15994af7448248d7	\N	http://localhost:3000/videos	2013-08-06 15:36:53.692272	2013-08-06 15:36:53.692272
661	Video	180	17	videos	show	\N	036d326e4201d88c0a1ecd11de8e6bcf7729ca40fe5043046d5eb7a362b02852	127.0.0.1	2b5d274daa41481f15994af7448248d7	\N	http://localhost:3000/videos	2013-08-06 15:37:03.785607	2013-08-06 15:37:03.785607
662	Video	180	17	videos	show	\N	b4b141fc95009e98d8f2d31341fb1da827e7ff2411e53885db2310ab29561983	127.0.0.1	2b5d274daa41481f15994af7448248d7	\N	http://localhost:3000/videos	2013-08-06 15:38:08.224656	2013-08-06 15:38:08.224656
663	Video	180	17	videos	show	\N	273c895ff8add011498ae4cbdbad9509d8d717636033f505b1070b121801e6a3	127.0.0.1	2b5d274daa41481f15994af7448248d7	\N	http://localhost:3000/videos	2013-08-06 15:38:28.403234	2013-08-06 15:38:28.403234
664	Video	180	17	videos	show	\N	186b70a6e255b82eaf6d7e1816e55237092d1005238fdf049728fd6ea955e09d	127.0.0.1	2b5d274daa41481f15994af7448248d7	\N	http://localhost:3000/videos	2013-08-06 15:38:50.5251	2013-08-06 15:38:50.5251
665	Video	180	17	videos	show	\N	060e15bd8e6b4c248b019370cb0a779fd6957074fd8a7e5a58b3344d31c94aec	127.0.0.1	2b5d274daa41481f15994af7448248d7	\N	http://localhost:3000/videos	2013-08-06 15:39:55.144798	2013-08-06 15:39:55.144798
666	Video	180	17	videos	show	\N	4097d493669f901c46fe75047db562c82639dc61f3ae806528cc5086a6fb009d	127.0.0.1	2b5d274daa41481f15994af7448248d7	\N	http://localhost:3000/videos	2013-08-06 15:40:28.526698	2013-08-06 15:40:28.526698
667	Video	180	17	videos	show	\N	e3ed5c39549f647ca7e45400baf30a95f8f35f019cc4d920619599a60c73feb9	127.0.0.1	2b5d274daa41481f15994af7448248d7	\N	http://localhost:3000/videos	2013-08-06 15:41:10.156133	2013-08-06 15:41:10.156133
668	Video	182	17	videos	show	\N	dd0b6adb0e032d9e2d20efcc03990171a2d7955e3a5f8ff5b892e26f0c973ba9	127.0.0.1	2b5d274daa41481f15994af7448248d7	\N	http://localhost:3000/videos	2013-08-06 15:41:28.718556	2013-08-06 15:41:28.718556
669	Video	182	17	videos	show	\N	c08c848675e51117502af87c763da0763b04cff179626eb0738549325fdac1d5	127.0.0.1	2b5d274daa41481f15994af7448248d7	\N	http://localhost:3000/videos	2013-08-06 15:42:55.625608	2013-08-06 15:42:55.625608
670	Video	182	17	videos	show	\N	a552128be4441092f194be8c1f110ae38d80ee7e200475344fbb497e5c447218	127.0.0.1	2b5d274daa41481f15994af7448248d7	\N	http://localhost:3000/videos	2013-08-06 15:44:43.894465	2013-08-06 15:44:43.894465
671	Video	182	17	videos	show	\N	e7475c57bba3f6ef1b86765ee6967861befb50df91c0c7079126313c04b52eb7	127.0.0.1	2b5d274daa41481f15994af7448248d7	\N	http://localhost:3000/videos	2013-08-06 15:45:35.090756	2013-08-06 15:45:35.090756
672	Video	182	\N	videos	show	\N	f6e165d080d1a8228b8efbec951aae4586bee6b1e1ce46c2b92ba157df382383	127.0.0.1	\N	\N	\N	2013-08-06 15:46:07.957757	2013-08-06 15:46:07.957757
673	Video	182	\N	videos	show	\N	92ebd4b8e1b4017c8585669dec514db271dbb1c1767d261e0a6c3de999ff27d8	127.0.0.1	34a592112e197ba1b57c4a1008a29ffb	\N	http://localhost:3000/videos/182	2013-08-06 15:46:11.308684	2013-08-06 15:46:11.308684
675	Video	82	\N	videos	show	\N	c5723c2fbed9827e0f44c4dea2fccf7b693a33109f75037848445f5300d742c7	127.0.0.1	8d07de160d3561bedc55ba05d2da29e2	\N	http://localhost:3000/videos/186	2013-08-06 15:48:15.482876	2013-08-06 15:48:15.482876
679	Video	169	17	videos	show	\N	905ef4b32ad6c9548f8f4b25e1706507bdc98cdc377349d0a027236b647568fc	127.0.0.1	87bb3f93970606212123d99ef0a52b9c	\N	http://localhost:3000/videos	2013-08-06 15:59:35.428824	2013-08-06 15:59:35.428824
680	Video	169	17	videos	show	\N	d17420010646aada8ecd27324363dd8f23356baab7da89e1a5e81383d1aab8af	127.0.0.1	87bb3f93970606212123d99ef0a52b9c	\N	http://localhost:3000/videos	2013-08-06 15:59:50.032712	2013-08-06 15:59:50.032712
681	Video	166	17	videos	show	\N	d15a269ceddb1d048f522387cdd34947cde358adb0227e48e0be0a12d82b78ab	127.0.0.1	87bb3f93970606212123d99ef0a52b9c	\N	http://localhost:3000/videos?tag=attack	2013-08-06 16:01:05.559428	2013-08-06 16:01:05.559428
682	Video	102	17	videos	show	\N	22d60819ffa0b64dff4db1840b6de7f158678a163346a9adf8391798aa49a6f5	127.0.0.1	87bb3f93970606212123d99ef0a52b9c	\N	http://localhost:3000/videos/166	2013-08-06 16:01:58.486067	2013-08-06 16:01:58.486067
683	Video	102	17	videos	show	\N	933187a5afd2e38732682f55d36466e9b9ca3fe51353e04cb90858038c132552	127.0.0.1	87bb3f93970606212123d99ef0a52b9c	\N	http://localhost:3000/videos/166	2013-08-06 16:02:11.859015	2013-08-06 16:02:11.859015
684	Video	102	17	videos	show	\N	8dcbcd34d32945884a57e7940183f3313f35e3f35af78ecbc7e9a2793f9f0df6	127.0.0.1	87bb3f93970606212123d99ef0a52b9c	\N	http://localhost:3000/videos/166	2013-08-06 16:06:02.624637	2013-08-06 16:06:02.624637
685	Video	89	17	videos	show	\N	9c359ac19268ce30e402b2f76a4cf12c8882175821252e3b40812b356157ec4a	127.0.0.1	87bb3f93970606212123d99ef0a52b9c	\N	http://localhost:3000/videos/102	2013-08-06 16:06:08.08527	2013-08-06 16:06:08.08527
686	Video	97	17	videos	show	\N	8427f7c3602a7d5ce0720f87a3e25570e10e2ca93b50b5abcd1cf08606c36bac	127.0.0.1	87bb3f93970606212123d99ef0a52b9c	\N	http://localhost:3000/videos/89	2013-08-06 16:06:17.336887	2013-08-06 16:06:17.336887
687	Video	97	17	videos	show	\N	cc438a29893713f800700b7da0f6ee05ed1fa25b99581f321f7a14fd0e4a4e6a	127.0.0.1	87bb3f93970606212123d99ef0a52b9c	\N	http://localhost:3000/videos/89	2013-08-06 16:06:23.657904	2013-08-06 16:06:23.657904
718	Video	178	17	videos	show	\N	9df7b9b0e4a307deb0ae04b96fb6e4f4da96a81523535e5dcee1730577d7115e	127.0.0.1	87bb3f93970606212123d99ef0a52b9c	\N	http://localhost:3000/videos	2013-08-06 17:19:44.690169	2013-08-06 17:19:44.690169
723	Video	81	17	videos	show	\N	e1b4d348fb2b0d20c48591387506a05511e91495f6b92763b0cb43b0d0dc7352	127.0.0.1	87bb3f93970606212123d99ef0a52b9c	\N	http://localhost:3000/videos/186	2013-08-08 12:55:38.382874	2013-08-08 12:55:38.382874
729	Video	81	17	videos	show	\N	c2e7389e819a88e23ac3e6f2cbe820bc4a22cf39ee054e180ea8939c91e8946e	127.0.0.1	87bb3f93970606212123d99ef0a52b9c	\N	http://localhost:3000/videos/186	2013-08-08 13:04:46.36021	2013-08-08 13:04:46.36021
731	Video	81	17	videos	show	\N	c301afb133aa6dee7c4bed1f17d04eca9dd8de835882e520773a6fc7f637673d	127.0.0.1	87bb3f93970606212123d99ef0a52b9c	\N	http://localhost:3000/videos/186	2013-08-08 13:06:11.575878	2013-08-08 13:06:11.575878
732	Video	14	17	videos	show	\N	d9d0d2196b43880e51c98e952b4e1f6bb1f41804bd337544b0bffc51b97cd35e	127.0.0.1	87bb3f93970606212123d99ef0a52b9c	\N	http://localhost:3000/videos/81	2013-08-08 13:10:33.036841	2013-08-08 13:10:33.036841
733	Video	17	17	videos	show	\N	f6a4a6fe9870b7b466d1acad64ed2a1606686fc729c7292bd06dd9050b512b95	127.0.0.1	87bb3f93970606212123d99ef0a52b9c	\N	http://localhost:3000/videos/14	2013-08-08 13:10:46.075136	2013-08-08 13:10:46.075136
734	Video	26	17	videos	show	\N	64b4851bd3d8ea0fd6356e73ae0257ce6006febca7bf95aa032a57d9ba73383e	127.0.0.1	87bb3f93970606212123d99ef0a52b9c	\N	http://localhost:3000/videos/17	2013-08-08 13:11:06.932836	2013-08-08 13:11:06.932836
758	Video	163	\N	videos	show	\N	52cd6a5c19fa39b9f76d4d276543ef60398bf11647a1bee9c3ac74140594dbd4	127.0.0.1	307101329cfba7f456759f2a6487d974	\N	http://localhost:3000/videos?utf8=%E2%9C%93&q%5Btitle_cont%5D=karate	2013-08-14 12:23:24.97768	2013-08-14 12:23:24.97768
759	Video	163	\N	videos	show	\N	88bcd4640bdea758fa9809a4b8e021a38235e7c15582d185c59ce20057b45bca	127.0.0.1	307101329cfba7f456759f2a6487d974	\N	http://localhost:3000/videos?utf8=%E2%9C%93&q%5Btitle_cont%5D=karate	2013-08-14 12:26:06.817437	2013-08-14 12:26:06.817437
760	Video	178	17	videos	show	\N	fde55ad8462f02784986824fc038062db5e2b40e1d6f465077d698caaa3056dc	127.0.0.1	226a46dac87579225f35bf1c7da0ce55	\N	http://localhost:3000/videos/178	2013-08-18 13:57:43.216819	2013-08-18 13:57:43.216819
761	Video	178	17	videos	show	\N	195a47d859134acebef0d65c8e6c5710c2a54d7e4bc6297ec7f00466a2462197	127.0.0.1	226a46dac87579225f35bf1c7da0ce55	\N	http://localhost:3000/videos/178	2013-08-18 14:00:33.674834	2013-08-18 14:00:33.674834
762	Video	178	17	videos	show	\N	9b96006a7ceb7bdb47df80dcb5b47fc34251a207fca107a57d2627e02ee57b18	127.0.0.1	226a46dac87579225f35bf1c7da0ce55	\N	http://localhost:3000/videos/178	2013-08-18 14:00:48.007552	2013-08-18 14:00:48.007552
763	Video	178	17	videos	show	\N	6d48973119e4c3d7a16862be96dec74e1e6e2b17b4691d8fe3f5c051538d6bcc	127.0.0.1	226a46dac87579225f35bf1c7da0ce55	\N	http://localhost:3000/videos/178	2013-08-18 14:02:27.778557	2013-08-18 14:02:27.778557
\.


--
-- Name: impressions_id_seq; Type: SEQUENCE SET; Schema: public; Owner: balabanpetr
--

SELECT pg_catalog.setval('impressions_id_seq', 779, true);


--
-- Data for Name: likes; Type: TABLE DATA; Schema: public; Owner: balabanpetr
--

COPY likes (id, user_id, video_id, created_at, updated_at) FROM stdin;
10	17	184	2013-07-25 15:12:18.040212	2013-07-25 15:12:18.040212
30	17	1	2013-07-25 17:50:18.591941	2013-07-25 17:50:18.591941
32	17	6	2013-08-06 14:22:47.873337	2013-08-06 14:22:47.873337
\.


--
-- Name: likes_id_seq; Type: SEQUENCE SET; Schema: public; Owner: balabanpetr
--

SELECT pg_catalog.setval('likes_id_seq', 32, true);


--
-- Data for Name: notifications; Type: TABLE DATA; Schema: public; Owner: balabanpetr
--

COPY notifications (id, type, body, subject, sender_id, sender_type, conversation_id, draft, updated_at, created_at, notified_object_id, notified_object_type, notification_code, attachment) FROM stdin;
2	Message	Hi hi hi	Hi	17	User	2	f	2013-08-05 11:23:28.995599	2013-08-05 11:23:28.995599	\N	\N	\N	\N
3	Message	asd asdf asd	asdf	17	User	3	f	2013-08-06 17:56:30.256377	2013-08-06 17:56:30.256377	\N	\N	\N	\N
4	Message	asd asdf asd f	asd asdf	17	User	4	f	2013-08-06 18:46:30.726323	2013-08-06 18:46:30.726323	\N	\N	\N	\N
5	Message	Some beautiful wether	Hi man	17	User	5	f	2013-08-06 18:51:54.467643	2013-08-06 18:51:54.467643	\N	\N	\N	\N
6	Message	asd asdf a	asdf asdf	17	User	6	f	2013-08-06 18:53:01.20437	2013-08-06 18:53:01.20437	\N	\N	\N	\N
7	Message	asdfa sfds a	asd f	17	User	7	f	2013-08-06 18:53:43.416407	2013-08-06 18:53:43.416407	\N	\N	\N	\N
8	Message	asdfa sfds a	asd f	17	User	8	f	2013-08-06 18:55:24.17907	2013-08-06 18:55:24.17907	\N	\N	\N	\N
9	Message	asdfa sfds a	asd f	17	User	9	f	2013-08-06 18:55:30.361045	2013-08-06 18:55:30.361045	\N	\N	\N	\N
10	Message	asdfa sfds a	asd f	17	User	10	f	2013-08-06 18:55:40.069934	2013-08-06 18:55:40.069934	\N	\N	\N	\N
11	Message	asd asdf a	asdf a	17	User	11	f	2013-08-06 18:56:33.297788	2013-08-06 18:56:33.297788	\N	\N	\N	\N
12	Message	asd asdf a	asdf a	17	User	12	f	2013-08-06 18:58:13.869735	2013-08-06 18:58:13.869735	\N	\N	\N	\N
13	Message	asd asdf a	asdf a	17	User	13	f	2013-08-06 19:14:03.88162	2013-08-06 19:14:03.88162	\N	\N	\N	\N
14	Message	asd asdf a	asdf a	17	User	14	f	2013-08-06 19:14:56.217065	2013-08-06 19:14:56.217065	\N	\N	\N	\N
15	Message	asd asdf a	asd asd	17	User	15	f	2013-08-06 19:19:38.891444	2013-08-06 19:19:38.891444	\N	\N	\N	\N
16	Message	asd fasdf asdf 	asdf asdf 	17	User	16	f	2013-08-08 09:19:53.574261	2013-08-08 09:19:53.574261	\N	\N	\N	\N
17	Message	asd asdf 	asdf af	17	User	17	f	2013-08-08 09:39:53.229313	2013-08-08 09:39:53.229313	\N	\N	\N	\N
18	Message	as dfasd 	asd fasdf	17	User	18	f	2013-08-08 09:40:59.681466	2013-08-08 09:40:59.681466	\N	\N	\N	\N
19	Message	as dfasd 	asd fasdf	17	User	19	f	2013-08-08 09:45:01.63839	2013-08-08 09:45:01.63839	\N	\N	\N	\N
20	Message	as dfasd 	asd fasdf	17	User	20	f	2013-08-08 09:45:22.314374	2013-08-08 09:45:22.314374	\N	\N	\N	\N
21	Message	as dfasd 	asd fasdf	17	User	21	f	2013-08-08 09:55:57.480654	2013-08-08 09:55:57.480654	\N	\N	\N	\N
22	Message	as dfasd 	asd fasdf	17	User	22	f	2013-08-08 09:56:55.279853	2013-08-08 09:56:55.279853	\N	\N	\N	\N
23	Message	as dfasd 	asd fasdf	17	User	23	f	2013-08-08 09:57:20.996856	2013-08-08 09:57:20.996856	\N	\N	\N	\N
24	Message	my name is xry rry	hello	17	User	24	f	2013-08-08 11:40:11.226637	2013-08-08 11:40:11.226637	\N	\N	\N	\N
25	Message	asdf	sdfasd	17	User	25	f	2013-08-08 11:41:47.641403	2013-08-08 11:41:47.641403	\N	\N	\N	\N
26	Message	asdf	sdfasd	17	User	26	f	2013-08-08 11:43:04.301388	2013-08-08 11:43:04.301388	\N	\N	\N	\N
27	Message	asdf	sdfasd	17	User	27	f	2013-08-08 11:44:53.167421	2013-08-08 11:44:53.167421	\N	\N	\N	\N
28	Message	asdf	sdfasd	17	User	28	f	2013-08-08 11:45:31.116748	2013-08-08 11:45:31.116748	\N	\N	\N	\N
29	Message	qwer	qwer	17	User	29	f	2013-08-08 11:48:55.130956	2013-08-08 11:48:55.130956	\N	\N	\N	\N
30	Message	qwer	qwer	17	User	30	f	2013-08-08 11:50:22.21969	2013-08-08 11:50:22.21969	\N	\N	\N	\N
31	Message	qwer	qwer	17	User	31	f	2013-08-08 11:52:17.748796	2013-08-08 11:52:17.748796	\N	\N	\N	\N
32	Message	asdfasdf	asdfas	17	User	32	f	2013-08-08 13:00:29.194348	2013-08-08 13:00:29.194348	\N	\N	\N	\N
33	Message	asdfa	asdf	17	User	33	f	2013-08-08 13:02:35.803625	2013-08-08 13:02:35.803625	\N	\N	\N	\N
34	Message	Some text text message	Some subject	17	User	34	f	2013-08-16 13:03:13.250146	2013-08-16 13:03:13.250146	\N	\N	\N	\N
35	Message	Some text text message	Some subject	17	User	35	f	2013-08-16 13:04:32.267722	2013-08-16 13:04:32.267722	\N	\N	\N	\N
36	Message	Some text text message	Some subject	17	User	36	f	2013-08-16 13:17:46.486909	2013-08-16 13:17:46.486909	\N	\N	\N	\N
37	Message	Some text text message	Some subject	17	User	37	f	2013-08-16 13:22:23.136667	2013-08-16 13:22:23.136667	\N	\N	\N	\N
38	Message	Some text text message	Some subject	17	User	38	f	2013-08-16 13:25:17.595143	2013-08-16 13:25:17.595143	\N	\N	\N	\N
39	Message	Some text text message	Some subject	17	User	39	f	2013-08-16 13:28:08.728183	2013-08-16 13:28:08.728183	\N	\N	\N	\N
40	Message	Some text text message	Some subject	17	User	40	f	2013-08-16 13:28:24.307803	2013-08-16 13:28:24.307803	\N	\N	\N	\N
41	Message	Some text text message	Some subject	17	User	41	f	2013-08-16 13:29:45.13148	2013-08-16 13:29:45.13148	\N	\N	\N	\N
42	Message	Some text text message	Some subject	17	User	42	f	2013-08-16 13:30:14.223073	2013-08-16 13:30:14.223073	\N	\N	\N	\N
43	Message	Some text text message	Some subject	17	User	43	f	2013-08-16 13:30:40.775476	2013-08-16 13:30:40.775476	\N	\N	\N	\N
44	Message	Some text text message	Some subject	17	User	44	f	2013-08-16 13:32:19.654204	2013-08-16 13:32:19.654204	\N	\N	\N	\N
45	Message	Some text text message	Some subject	17	User	45	f	2013-08-16 13:33:46.54599	2013-08-16 13:33:46.54599	\N	\N	\N	\N
46	Message	Some text text message	Some subject	17	User	46	f	2013-08-16 13:34:00.592502	2013-08-16 13:34:00.592502	\N	\N	\N	\N
47	Message	Some text text message	Some subject	17	User	47	f	2013-08-16 13:34:17.171433	2013-08-16 13:34:17.171433	\N	\N	\N	\N
48	Message	Some text text message	Some subject	17	User	48	f	2013-08-16 13:36:26.394405	2013-08-16 13:36:26.394405	\N	\N	\N	\N
49	Message	Some text text message	Some subject	17	User	49	f	2013-08-16 13:37:01.654902	2013-08-16 13:37:01.654902	\N	\N	\N	\N
50	Message	Some text text message	Some subject	17	User	50	f	2013-08-16 13:37:14.642514	2013-08-16 13:37:14.642514	\N	\N	\N	\N
51	Message	Some text text message	Some subject	17	User	51	f	2013-08-16 13:37:24.840843	2013-08-16 13:37:24.840843	\N	\N	\N	\N
52	Message	Some text text message	Some subject	17	User	52	f	2013-08-16 13:37:56.219054	2013-08-16 13:37:56.219054	\N	\N	\N	\N
53	Message	Some text text message	Some subject	17	User	53	f	2013-08-16 13:38:20.998065	2013-08-16 13:38:20.998065	\N	\N	\N	\N
54	Message	Some text text message	Some subject	17	User	54	f	2013-08-16 13:40:09.821651	2013-08-16 13:40:09.821651	\N	\N	\N	\N
55	Message	Some text text message	Some subject	17	User	55	f	2013-08-16 13:40:56.828365	2013-08-16 13:40:56.828365	\N	\N	\N	\N
56	Message	Some text text message	Some subject	17	User	56	f	2013-08-16 13:42:04.307645	2013-08-16 13:42:04.307645	\N	\N	\N	\N
57	Message	Some text text message	Some subject	17	User	57	f	2013-08-16 13:42:40.790809	2013-08-16 13:42:40.790809	\N	\N	\N	\N
58	Message	Some text text message	Some subject	17	User	58	f	2013-08-16 13:45:10.787167	2013-08-16 13:45:10.787167	\N	\N	\N	\N
59	Message	Some text text message	Some subject	17	User	59	f	2013-08-16 13:49:01.027507	2013-08-16 13:49:01.027507	\N	\N	\N	\N
60	Message	Some text text message	Some subject	17	User	60	f	2013-08-16 13:49:28.489676	2013-08-16 13:49:28.489676	\N	\N	\N	\N
61	Message	Some text text message	Some subject	17	User	61	f	2013-08-16 13:50:06.220723	2013-08-16 13:50:06.220723	\N	\N	\N	\N
62	Message	Some text text message	Some subject	17	User	62	f	2013-08-16 13:50:26.872352	2013-08-16 13:50:26.872352	\N	\N	\N	\N
63	Message	Some text text message	Some subject	17	User	63	f	2013-08-16 13:51:04.36921	2013-08-16 13:51:04.36921	\N	\N	\N	\N
64	Message	Some text text message	Some subject	17	User	64	f	2013-08-16 13:52:13.920499	2013-08-16 13:52:13.920499	\N	\N	\N	\N
65	Message	Some text text message	Some subject	17	User	65	f	2013-08-16 13:53:17.891242	2013-08-16 13:53:17.891242	\N	\N	\N	\N
66	Message	Some text text message	Some subject	17	User	66	f	2013-08-16 13:54:13.663497	2013-08-16 13:54:13.663497	\N	\N	\N	\N
67	Message	Some text text message	Some subject	17	User	67	f	2013-08-16 13:55:37.214621	2013-08-16 13:55:37.214621	\N	\N	\N	\N
68	Message	Some text text message	Some subject	17	User	68	f	2013-08-16 13:56:05.080851	2013-08-16 13:56:05.080851	\N	\N	\N	\N
69	Message	Some text text message	Some subject	17	User	69	f	2013-08-16 13:56:53.564269	2013-08-16 13:56:53.564269	\N	\N	\N	\N
70	Message	Some text text message	Some subject	17	User	70	f	2013-08-16 13:57:46.09547	2013-08-16 13:57:46.09547	\N	\N	\N	\N
71	Message	Some text text message	Some subject	17	User	71	f	2013-08-16 13:58:02.90683	2013-08-16 13:58:02.90683	\N	\N	\N	\N
72	Message	Some text text message	Some subject	17	User	72	f	2013-08-16 13:58:52.390249	2013-08-16 13:58:52.390249	\N	\N	\N	\N
73	Message	It is a long established fact that a reader will be distracted by the readable content of a page when looking at its layout. The point of using Lorem Ipsum is that it has a more-or-less normal distribution of letters, as opposed to using 'Content here, content here', making it look like readable English. Many desktop publishing packages and web page editors now use Lorem Ipsum as their default model text, and a search for 'lorem ipsum' will uncover many web sites still in their infancy. Various versions have evolved over the years, sometimes by accident, sometimes on purpose (injected humour and the like).	Blank	17	User	33	f	2013-08-16 14:01:42.853852	2013-08-16 14:01:42.853852	\N	\N	\N	\N
74	Message	Some text text message	Some subject	17	User	73	f	2013-08-16 14:01:51.796031	2013-08-16 14:01:51.796031	\N	\N	\N	\N
75	Message	Some text text message	Some subject	17	User	74	f	2013-08-16 14:02:32.501884	2013-08-16 14:02:32.501884	\N	\N	\N	\N
76	Message	It is a long established fact that a reader will be distracted by the readable content of a page when looking at its layout. The point of using Lorem Ipsum is that it has a more-or-less normal distribution of letters, as opposed to using 'Content here, content here', making it look like readable English. Many desktop publishing packages and web page editors now use Lorem Ipsum as their default model text, and a search for 'lorem ipsum' will uncover many web sites still in their infancy. Various versions have evolved over the years, sometimes by accident, sometimes on purpose (injected humour and the like).It is a long established fact that a reader will be distracted by the readable content of a page when looking at its layout. The point of using Lorem Ipsum is that it has a more-or-less normal distribution of letters, as opposed to using 'Content here, content here', making it look like readable English. Many desktop publishing packages and web page editors now use Lorem Ipsum as their default model text, and a search for 'lorem ipsum' will uncover many web sites still in their infancy. Various versions have evolved over the years, sometimes by accident, sometimes on purpose (injected humour and the like).It is a long established fact that a reader will be distracted by the readable content of a page when looking at its layout. The point of using Lorem Ipsum is that it has a more-or-less normal distribution of letters, as opposed to using 'Content here, content here', making it look like readable English. Many desktop publishing packages and web page editors now use Lorem Ipsum as their default model text, and a search for 'lorem ipsum' will uncover many web sites still in their infancy. Various versions have evolved over the years, sometimes by accident, sometimes on purpose (injected humour and the like).It is a long established fact that a reader will be distracted by the readable content of a page when looking at its layout. The point of using Lorem Ipsum is that it has a more-or-less normal distribution of letters, as opposed to using 'Content here, content here', making it look like readable English. Many desktop publishing packages and web page editors now use Lorem Ipsum as their default model text, and a search for 'lorem ipsum' will uncover many web sites still in their infancy. Various versions have evolved over the years, sometimes by accident, sometimes on purpose (injected humour and the like).It is a long established fact that a reader will be distracted by the readable content of a page when looking at its layout. The point of using Lorem Ipsum is that it has a more-or-less normal distribution of letters, as opposed to using 'Content here, content here', making it look like readable English. Many desktop publishing packages and web page editors now use Lorem Ipsum as their default model text, and a search for 'lorem ipsum' will uncover many web sites still in their infancy. Various versions have evolved over the years, sometimes by accident, sometimes on purpose (injected humour and the like).It is a long established fact that a reader will be distracted by the readable content of a page when looking at its layout. The point of using Lorem Ipsum is that it has a more-or-less normal distribution of letters, as opposed to using 'Content here, content here', making it look like readable English. Many desktop publishing packages and web page editors now use Lorem Ipsum as their default model text, and a search for 'lorem ipsum' will uncover many web sites still in their infancy. Various versions have evolved over the years, sometimes by accident, sometimes on purpose (injected humour and the like).It is a long established fact that a reader will be distracted by the readable content of a page when looking at its layout. The point of using Lorem Ipsum is that it has a more-or-less normal distribution of letters, as opposed to using 'Content here, content here', making it look like readable English. Many desktop publishing packages and web page editors now use Lorem Ipsum as their default model text, and a search for 'lorem ipsum' will uncover many web sites still in their infancy. Various versions have evolved over the years, sometimes by accident, sometimes on purpose (injected humour and the like).	Biatch	17	User	75	f	2013-08-16 14:04:10.149028	2013-08-16 14:04:10.149028	\N	\N	\N	\N
77	Message	It is a long established fact that a reader will be distracted by the readable content of a page when looking at its layout. The point of using Lorem Ipsum is that it has a more-or-less normal distribution of letters, as opposed to using 'Content here, content here', making it look like readable English. Many desktop publishing packages and web page editors now use Lorem Ipsum as their default model text, and a search for 'lorem ipsum' will uncover many web sites still in their infancy. Various versions have evolved over the years, sometimes by accident, sometimes on purpose (injected humour and the like).	you are memser	17	User	76	f	2013-08-16 14:05:39.497733	2013-08-16 14:05:39.497733	\N	\N	\N	\N
78	Message	It is a long established fact that a reader will be distracted by the readable content of a page when looking at its layout. The point of using Lorem Ipsum is that it has a more-or-less normal distribution of letters, as opposed to using 'Content here, content here', making it look like readable English. Many desktop publishing packages and web page editors now use Lorem Ipsum as their default model text, and a search for 'lorem ipsum' will uncover many web sites still in their infancy. Various versions have evolved over the years, sometimes by accident, sometimes on purpose (injected humour and the like).	you are memser	17	User	77	f	2013-08-16 14:06:48.118338	2013-08-16 14:06:48.118338	\N	\N	\N	\N
79	Message	asd asd fasdf asf asdf a	asd fasdf 	17	User	78	f	2013-08-16 14:19:12.215451	2013-08-16 14:19:12.215451	\N	\N	\N	\N
80	Message	asd asd fasdf asf asdf a	asd fasdf 	17	User	79	f	2013-08-16 14:21:08.787767	2013-08-16 14:21:08.787767	\N	\N	\N	\N
81	Message	asd asd fasdf asf asdf a	asd fasdf 	17	User	80	f	2013-08-16 14:21:29.146034	2013-08-16 14:21:29.146034	\N	\N	\N	\N
82	Message	asd asd fasdf asf asdf a	asd fasdf 	17	User	81	f	2013-08-16 14:23:30.073386	2013-08-16 14:23:30.073386	\N	\N	\N	\N
83	Message	asd asd fasdf asf asdf a	asd fasdf 	17	User	82	f	2013-08-16 14:26:41.814071	2013-08-16 14:26:41.814071	\N	\N	\N	\N
84	Message	asd asd fasdf asf asdf a	asd fasdf 	17	User	83	f	2013-08-16 14:29:25.832876	2013-08-16 14:29:25.832876	\N	\N	\N	\N
\.


--
-- Name: notifications_id_seq; Type: SEQUENCE SET; Schema: public; Owner: balabanpetr
--

SELECT pg_catalog.setval('notifications_id_seq', 84, true);


--
-- Data for Name: plans; Type: TABLE DATA; Schema: public; Owner: balabanpetr
--

COPY plans (id, name, price, "time", created_at, updated_at) FROM stdin;
\.


--
-- Name: plans_id_seq; Type: SEQUENCE SET; Schema: public; Owner: balabanpetr
--

SELECT pg_catalog.setval('plans_id_seq', 1, false);


--
-- Data for Name: receipts; Type: TABLE DATA; Schema: public; Owner: balabanpetr
--

COPY receipts (id, receiver_id, receiver_type, notification_id, is_read, trashed, deleted, mailbox_type, created_at, updated_at) FROM stdin;
96	10	User	49	f	f	f	inbox	2013-08-16 13:37:01.667206	2013-08-16 13:37:01.667206
3	3	User	2	f	f	f	inbox	2013-08-05 11:23:29.006165	2013-08-05 11:23:29.006165
5	17	User	3	f	f	f	inbox	2013-08-06 17:56:30.266709	2013-08-06 17:56:30.266709
6	17	User	3	t	f	f	sentbox	2013-08-06 17:56:30.277174	2013-08-06 17:56:30.277174
7	17	User	4	t	f	f	sentbox	2013-08-06 18:46:30.731888	2013-08-06 18:46:30.731888
8	14	User	5	f	f	f	inbox	2013-08-06 18:51:54.471795	2013-08-06 18:51:54.471795
10	14	User	6	f	f	f	inbox	2013-08-06 18:53:01.20879	2013-08-06 18:53:01.20879
12	14	User	7	f	f	f	inbox	2013-08-06 18:53:43.419023	2013-08-06 18:53:43.419023
13	17	User	7	t	f	f	sentbox	2013-08-06 18:53:43.424866	2013-08-06 18:53:43.424866
14	14	User	8	f	f	f	inbox	2013-08-06 18:55:24.18081	2013-08-06 18:55:24.18081
15	17	User	8	t	f	f	sentbox	2013-08-06 18:55:24.1858	2013-08-06 18:55:24.1858
16	14	User	9	f	f	f	inbox	2013-08-06 18:55:30.363305	2013-08-06 18:55:30.363305
17	17	User	9	t	f	f	sentbox	2013-08-06 18:55:30.3684	2013-08-06 18:55:30.3684
18	14	User	10	f	f	f	inbox	2013-08-06 18:55:40.071957	2013-08-06 18:55:40.071957
19	17	User	10	t	f	f	sentbox	2013-08-06 18:55:40.077895	2013-08-06 18:55:40.077895
20	6	User	11	f	f	f	inbox	2013-08-06 18:56:33.29971	2013-08-06 18:56:33.29971
21	17	User	11	t	f	f	sentbox	2013-08-06 18:56:33.303555	2013-08-06 18:56:33.303555
22	6	User	12	f	f	f	inbox	2013-08-06 18:58:13.871393	2013-08-06 18:58:13.871393
23	17	User	12	t	f	f	sentbox	2013-08-06 18:58:13.87457	2013-08-06 18:58:13.87457
24	6	User	13	f	f	f	inbox	2013-08-06 19:14:03.88491	2013-08-06 19:14:03.88491
25	17	User	13	t	f	f	sentbox	2013-08-06 19:14:03.889438	2013-08-06 19:14:03.889438
26	6	User	14	f	f	f	inbox	2013-08-06 19:14:56.219534	2013-08-06 19:14:56.219534
27	17	User	14	t	f	f	sentbox	2013-08-06 19:14:56.224688	2013-08-06 19:14:56.224688
28	17	User	15	f	f	f	inbox	2013-08-06 19:19:38.893385	2013-08-06 19:19:38.893385
29	17	User	15	t	f	f	sentbox	2013-08-06 19:19:38.898112	2013-08-06 19:19:38.898112
9	17	User	5	t	t	f	sentbox	2013-08-06 18:51:54.478123	2013-08-06 18:51:54.478123
11	17	User	6	t	t	f	sentbox	2013-08-06 18:53:01.217657	2013-08-06 18:53:01.217657
30	17	User	16	f	f	f	inbox	2013-08-08 09:19:53.58227	2013-08-08 09:19:53.58227
31	17	User	16	t	f	f	sentbox	2013-08-08 09:19:53.591306	2013-08-08 09:19:53.591306
32	17	User	17	f	f	f	inbox	2013-08-08 09:39:53.234944	2013-08-08 09:39:53.234944
33	17	User	17	t	f	f	sentbox	2013-08-08 09:39:53.243002	2013-08-08 09:39:53.243002
34	3	User	18	f	f	f	inbox	2013-08-08 09:40:59.684572	2013-08-08 09:40:59.684572
35	17	User	18	t	f	f	sentbox	2013-08-08 09:40:59.692231	2013-08-08 09:40:59.692231
36	3	User	19	f	f	f	inbox	2013-08-08 09:45:01.640608	2013-08-08 09:45:01.640608
37	17	User	19	t	f	f	sentbox	2013-08-08 09:45:01.644222	2013-08-08 09:45:01.644222
38	3	User	20	f	f	f	inbox	2013-08-08 09:45:22.316693	2013-08-08 09:45:22.316693
39	17	User	20	t	f	f	sentbox	2013-08-08 09:45:22.322382	2013-08-08 09:45:22.322382
40	3	User	21	f	f	f	inbox	2013-08-08 09:55:57.483331	2013-08-08 09:55:57.483331
41	17	User	21	t	f	f	sentbox	2013-08-08 09:55:57.489365	2013-08-08 09:55:57.489365
42	3	User	22	f	f	f	inbox	2013-08-08 09:56:55.282425	2013-08-08 09:56:55.282425
43	17	User	22	t	f	f	sentbox	2013-08-08 09:56:55.289827	2013-08-08 09:56:55.289827
44	3	User	23	f	f	f	inbox	2013-08-08 09:57:20.998691	2013-08-08 09:57:20.998691
45	17	User	23	t	f	f	sentbox	2013-08-08 09:57:21.003177	2013-08-08 09:57:21.003177
46	17	User	24	f	f	f	inbox	2013-08-08 11:40:11.232934	2013-08-08 11:40:11.232934
47	17	User	24	t	f	f	sentbox	2013-08-08 11:40:11.240796	2013-08-08 11:40:11.240796
48	3	User	25	f	f	f	inbox	2013-08-08 11:41:47.644119	2013-08-08 11:41:47.644119
49	17	User	25	t	f	f	sentbox	2013-08-08 11:41:47.650381	2013-08-08 11:41:47.650381
50	3	User	26	f	f	f	inbox	2013-08-08 11:43:04.304441	2013-08-08 11:43:04.304441
51	17	User	26	t	f	f	sentbox	2013-08-08 11:43:04.308768	2013-08-08 11:43:04.308768
52	3	User	27	f	f	f	inbox	2013-08-08 11:44:53.169329	2013-08-08 11:44:53.169329
53	17	User	27	t	f	f	sentbox	2013-08-08 11:44:53.1741	2013-08-08 11:44:53.1741
54	3	User	28	f	f	f	inbox	2013-08-08 11:45:31.118672	2013-08-08 11:45:31.118672
55	17	User	28	t	f	f	sentbox	2013-08-08 11:45:31.122621	2013-08-08 11:45:31.122621
56	17	User	29	f	f	f	inbox	2013-08-08 11:48:55.137631	2013-08-08 11:48:55.137631
57	17	User	29	t	f	f	sentbox	2013-08-08 11:48:55.145754	2013-08-08 11:48:55.145754
58	17	User	30	f	f	f	inbox	2013-08-08 11:50:22.222051	2013-08-08 11:50:22.222051
59	17	User	30	t	f	f	sentbox	2013-08-08 11:50:22.226912	2013-08-08 11:50:22.226912
60	17	User	31	f	f	f	inbox	2013-08-08 11:52:17.751008	2013-08-08 11:52:17.751008
61	17	User	31	t	f	f	sentbox	2013-08-08 11:52:17.754293	2013-08-08 11:52:17.754293
62	17	User	32	f	f	f	inbox	2013-08-08 13:00:29.200582	2013-08-08 13:00:29.200582
63	17	User	32	t	f	f	sentbox	2013-08-08 13:00:29.210722	2013-08-08 13:00:29.210722
64	17	User	33	f	f	f	inbox	2013-08-08 13:02:35.805953	2013-08-08 13:02:35.805953
65	17	User	33	t	f	f	sentbox	2013-08-08 13:02:35.81072	2013-08-08 13:02:35.81072
66	10	User	34	f	f	f	inbox	2013-08-16 13:03:13.474328	2013-08-16 13:03:13.474328
67	17	User	34	t	f	f	sentbox	2013-08-16 13:03:13.483642	2013-08-16 13:03:13.483642
68	10	User	35	f	f	f	inbox	2013-08-16 13:04:32.276493	2013-08-16 13:04:32.276493
69	17	User	35	t	f	f	sentbox	2013-08-16 13:04:32.281046	2013-08-16 13:04:32.281046
70	10	User	36	f	f	f	inbox	2013-08-16 13:17:46.496489	2013-08-16 13:17:46.496489
71	17	User	36	t	f	f	sentbox	2013-08-16 13:17:46.501407	2013-08-16 13:17:46.501407
72	10	User	37	f	f	f	inbox	2013-08-16 13:22:23.146965	2013-08-16 13:22:23.146965
73	17	User	37	t	f	f	sentbox	2013-08-16 13:22:23.151598	2013-08-16 13:22:23.151598
74	10	User	38	f	f	f	inbox	2013-08-16 13:25:17.604988	2013-08-16 13:25:17.604988
75	17	User	38	t	f	f	sentbox	2013-08-16 13:25:17.609475	2013-08-16 13:25:17.609475
76	10	User	39	f	f	f	inbox	2013-08-16 13:28:08.737992	2013-08-16 13:28:08.737992
77	17	User	39	t	f	f	sentbox	2013-08-16 13:28:08.742849	2013-08-16 13:28:08.742849
78	10	User	40	f	f	f	inbox	2013-08-16 13:28:24.3184	2013-08-16 13:28:24.3184
79	17	User	40	t	f	f	sentbox	2013-08-16 13:28:24.406245	2013-08-16 13:28:24.406245
80	10	User	41	f	f	f	inbox	2013-08-16 13:29:45.141635	2013-08-16 13:29:45.141635
81	17	User	41	t	f	f	sentbox	2013-08-16 13:29:45.145797	2013-08-16 13:29:45.145797
82	10	User	42	f	f	f	inbox	2013-08-16 13:30:14.23293	2013-08-16 13:30:14.23293
83	17	User	42	t	f	f	sentbox	2013-08-16 13:30:14.236819	2013-08-16 13:30:14.236819
84	10	User	43	f	f	f	inbox	2013-08-16 13:30:40.785484	2013-08-16 13:30:40.785484
85	17	User	43	t	f	f	sentbox	2013-08-16 13:30:40.790747	2013-08-16 13:30:40.790747
86	10	User	44	f	f	f	inbox	2013-08-16 13:32:19.6651	2013-08-16 13:32:19.6651
87	17	User	44	t	f	f	sentbox	2013-08-16 13:32:19.670056	2013-08-16 13:32:19.670056
88	10	User	45	f	f	f	inbox	2013-08-16 13:33:46.556803	2013-08-16 13:33:46.556803
89	17	User	45	t	f	f	sentbox	2013-08-16 13:33:46.560666	2013-08-16 13:33:46.560666
90	10	User	46	f	f	f	inbox	2013-08-16 13:34:00.607532	2013-08-16 13:34:00.607532
91	17	User	46	t	f	f	sentbox	2013-08-16 13:34:00.611855	2013-08-16 13:34:00.611855
92	10	User	47	f	f	f	inbox	2013-08-16 13:34:17.181579	2013-08-16 13:34:17.181579
93	17	User	47	t	f	f	sentbox	2013-08-16 13:34:17.185196	2013-08-16 13:34:17.185196
94	10	User	48	f	f	f	inbox	2013-08-16 13:36:26.40526	2013-08-16 13:36:26.40526
95	17	User	48	t	f	f	sentbox	2013-08-16 13:36:26.409514	2013-08-16 13:36:26.409514
97	17	User	49	t	f	f	sentbox	2013-08-16 13:37:01.670504	2013-08-16 13:37:01.670504
98	10	User	50	f	f	f	inbox	2013-08-16 13:37:14.651914	2013-08-16 13:37:14.651914
99	17	User	50	t	f	f	sentbox	2013-08-16 13:37:14.656844	2013-08-16 13:37:14.656844
100	10	User	51	f	f	f	inbox	2013-08-16 13:37:24.855245	2013-08-16 13:37:24.855245
101	17	User	51	t	f	f	sentbox	2013-08-16 13:37:24.860289	2013-08-16 13:37:24.860289
102	10	User	52	f	f	f	inbox	2013-08-16 13:37:56.229954	2013-08-16 13:37:56.229954
103	17	User	52	t	f	f	sentbox	2013-08-16 13:37:56.235061	2013-08-16 13:37:56.235061
104	10	User	53	f	f	f	inbox	2013-08-16 13:38:21.010248	2013-08-16 13:38:21.010248
105	17	User	53	t	f	f	sentbox	2013-08-16 13:38:21.014398	2013-08-16 13:38:21.014398
106	10	User	54	f	f	f	inbox	2013-08-16 13:40:09.830912	2013-08-16 13:40:09.830912
107	17	User	54	t	f	f	sentbox	2013-08-16 13:40:09.835495	2013-08-16 13:40:09.835495
108	10	User	55	f	f	f	inbox	2013-08-16 13:40:56.840783	2013-08-16 13:40:56.840783
109	17	User	55	t	f	f	sentbox	2013-08-16 13:40:56.846435	2013-08-16 13:40:56.846435
110	10	User	56	f	f	f	inbox	2013-08-16 13:42:04.322061	2013-08-16 13:42:04.322061
111	17	User	56	t	f	f	sentbox	2013-08-16 13:42:04.330362	2013-08-16 13:42:04.330362
112	10	User	57	f	f	f	inbox	2013-08-16 13:42:40.801446	2013-08-16 13:42:40.801446
113	17	User	57	t	f	f	sentbox	2013-08-16 13:42:40.806764	2013-08-16 13:42:40.806764
114	10	User	58	f	f	f	inbox	2013-08-16 13:45:10.798113	2013-08-16 13:45:10.798113
115	17	User	58	t	f	f	sentbox	2013-08-16 13:45:10.802877	2013-08-16 13:45:10.802877
116	10	User	59	f	f	f	inbox	2013-08-16 13:49:01.043197	2013-08-16 13:49:01.043197
117	17	User	59	t	f	f	sentbox	2013-08-16 13:49:01.049801	2013-08-16 13:49:01.049801
118	10	User	60	f	f	f	inbox	2013-08-16 13:49:28.502086	2013-08-16 13:49:28.502086
119	17	User	60	t	f	f	sentbox	2013-08-16 13:49:28.507035	2013-08-16 13:49:28.507035
120	10	User	61	f	f	f	inbox	2013-08-16 13:50:06.230922	2013-08-16 13:50:06.230922
121	17	User	61	t	f	f	sentbox	2013-08-16 13:50:06.23671	2013-08-16 13:50:06.23671
122	10	User	62	f	f	f	inbox	2013-08-16 13:50:26.882299	2013-08-16 13:50:26.882299
123	17	User	62	t	f	f	sentbox	2013-08-16 13:50:26.885446	2013-08-16 13:50:26.885446
124	10	User	63	f	f	f	inbox	2013-08-16 13:51:04.378678	2013-08-16 13:51:04.378678
125	17	User	63	t	f	f	sentbox	2013-08-16 13:51:04.383297	2013-08-16 13:51:04.383297
126	10	User	64	f	f	f	inbox	2013-08-16 13:52:13.929917	2013-08-16 13:52:13.929917
127	17	User	64	t	f	f	sentbox	2013-08-16 13:52:13.934983	2013-08-16 13:52:13.934983
128	10	User	65	f	f	f	inbox	2013-08-16 13:53:17.900263	2013-08-16 13:53:17.900263
129	17	User	65	t	f	f	sentbox	2013-08-16 13:53:17.90491	2013-08-16 13:53:17.90491
130	10	User	66	f	f	f	inbox	2013-08-16 13:54:13.672251	2013-08-16 13:54:13.672251
131	17	User	66	t	f	f	sentbox	2013-08-16 13:54:13.677363	2013-08-16 13:54:13.677363
132	10	User	67	f	f	f	inbox	2013-08-16 13:55:37.225381	2013-08-16 13:55:37.225381
133	17	User	67	t	f	f	sentbox	2013-08-16 13:55:37.231579	2013-08-16 13:55:37.231579
134	10	User	68	f	f	f	inbox	2013-08-16 13:56:05.095734	2013-08-16 13:56:05.095734
135	17	User	68	t	f	f	sentbox	2013-08-16 13:56:05.101832	2013-08-16 13:56:05.101832
136	10	User	69	f	f	f	inbox	2013-08-16 13:56:53.575802	2013-08-16 13:56:53.575802
137	17	User	69	t	f	f	sentbox	2013-08-16 13:56:53.581465	2013-08-16 13:56:53.581465
138	10	User	70	f	f	f	inbox	2013-08-16 13:57:46.105664	2013-08-16 13:57:46.105664
139	17	User	70	t	f	f	sentbox	2013-08-16 13:57:46.108995	2013-08-16 13:57:46.108995
140	10	User	71	f	f	f	inbox	2013-08-16 13:58:02.921604	2013-08-16 13:58:02.921604
141	17	User	71	t	f	f	sentbox	2013-08-16 13:58:02.926045	2013-08-16 13:58:02.926045
142	10	User	72	f	f	f	inbox	2013-08-16 13:58:52.40159	2013-08-16 13:58:52.40159
143	17	User	72	t	f	f	sentbox	2013-08-16 13:58:52.404759	2013-08-16 13:58:52.404759
144	17	User	73	t	f	f	sentbox	2013-08-16 14:01:42.85694	2013-08-16 14:01:42.85694
145	10	User	74	f	f	f	inbox	2013-08-16 14:01:51.808099	2013-08-16 14:01:51.808099
146	17	User	74	t	f	f	sentbox	2013-08-16 14:01:51.812851	2013-08-16 14:01:51.812851
147	10	User	75	f	f	f	inbox	2013-08-16 14:02:32.513017	2013-08-16 14:02:32.513017
148	17	User	75	t	f	f	sentbox	2013-08-16 14:02:32.517267	2013-08-16 14:02:32.517267
149	7	User	76	f	f	f	inbox	2013-08-16 14:04:10.162637	2013-08-16 14:04:10.162637
150	17	User	76	t	f	f	sentbox	2013-08-16 14:04:10.168268	2013-08-16 14:04:10.168268
151	7	User	77	f	f	f	inbox	2013-08-16 14:05:39.50814	2013-08-16 14:05:39.50814
152	17	User	77	t	f	f	sentbox	2013-08-16 14:05:39.513369	2013-08-16 14:05:39.513369
153	7	User	78	f	f	f	inbox	2013-08-16 14:06:48.129676	2013-08-16 14:06:48.129676
154	17	User	78	t	f	f	sentbox	2013-08-16 14:06:48.133976	2013-08-16 14:06:48.133976
155	4	User	79	f	f	f	inbox	2013-08-16 14:19:12.247731	2013-08-16 14:19:12.247731
156	17	User	79	t	f	f	sentbox	2013-08-16 14:19:12.256354	2013-08-16 14:19:12.256354
157	4	User	80	f	f	f	inbox	2013-08-16 14:21:08.798261	2013-08-16 14:21:08.798261
158	17	User	80	t	f	f	sentbox	2013-08-16 14:21:08.803313	2013-08-16 14:21:08.803313
159	4	User	81	f	f	f	inbox	2013-08-16 14:21:29.157348	2013-08-16 14:21:29.157348
160	17	User	81	t	f	f	sentbox	2013-08-16 14:21:29.162721	2013-08-16 14:21:29.162721
161	4	User	82	f	f	f	inbox	2013-08-16 14:23:30.086208	2013-08-16 14:23:30.086208
162	17	User	82	t	f	f	sentbox	2013-08-16 14:23:30.091051	2013-08-16 14:23:30.091051
163	4	User	83	f	f	f	inbox	2013-08-16 14:26:41.82526	2013-08-16 14:26:41.82526
164	17	User	83	t	f	f	sentbox	2013-08-16 14:26:41.830602	2013-08-16 14:26:41.830602
165	4	User	84	f	f	f	inbox	2013-08-16 14:29:25.842341	2013-08-16 14:29:25.842341
166	17	User	84	t	f	f	sentbox	2013-08-16 14:29:25.848265	2013-08-16 14:29:25.848265
4	17	User	2	t	t	f	sentbox	2013-08-05 11:23:29.014731	2013-08-05 11:23:29.014731
\.


--
-- Name: receipts_id_seq; Type: SEQUENCE SET; Schema: public; Owner: balabanpetr
--

SELECT pg_catalog.setval('receipts_id_seq', 166, true);


--
-- Data for Name: relationships; Type: TABLE DATA; Schema: public; Owner: balabanpetr
--

COPY relationships (id, follower_id, followed_id, created_at, updated_at) FROM stdin;
3	17	3	2013-08-01 17:58:17.506046	2013-08-01 17:58:17.506046
4	17	9	2013-08-01 18:03:23.243531	2013-08-01 18:03:23.243531
5	17	11	2013-08-06 13:01:33.920205	2013-08-06 13:01:33.920205
7	17	6	2013-08-06 18:56:16.951419	2013-08-06 18:56:16.951419
8	17	2	2013-08-08 12:59:31.040251	2013-08-08 12:59:31.040251
9	17	7	2013-08-16 09:44:48.831284	2013-08-16 09:44:48.831284
\.


--
-- Name: relationships_id_seq; Type: SEQUENCE SET; Schema: public; Owner: balabanpetr
--

SELECT pg_catalog.setval('relationships_id_seq', 9, true);


--
-- Data for Name: requests; Type: TABLE DATA; Schema: public; Owner: balabanpetr
--

COPY requests (id, message, user_id, created_at, updated_at) FROM stdin;
\.


--
-- Name: requests_id_seq; Type: SEQUENCE SET; Schema: public; Owner: balabanpetr
--

SELECT pg_catalog.setval('requests_id_seq', 1, false);


--
-- Data for Name: rs_evaluations; Type: TABLE DATA; Schema: public; Owner: balabanpetr
--

COPY rs_evaluations (id, reputation_name, source_id, source_type, target_id, target_type, value, created_at, updated_at) FROM stdin;
1	votes	1	User	1	Video	1	2013-04-16 14:35:03.615046	2013-04-16 14:35:03.615046
2	votes	2	User	15	Video	1	2013-04-26 05:23:54.972183	2013-04-26 05:23:54.972183
3	votes	14	User	20	Video	1	2013-07-14 17:30:39.262763	2013-07-14 17:30:39.262763
7	votes	17	User	7	Video	1	2013-08-06 14:17:25.175444	2013-08-06 14:17:25.175444
9	votes	17	User	6	Video	1	2013-08-06 15:15:04.74264	2013-08-06 15:16:08.766208
11	votes	17	User	5	Video	1	2013-08-06 15:16:42.942552	2013-08-06 15:18:06.362429
12	votes	17	User	4	Video	1	2013-08-06 15:18:10.910114	2013-08-06 15:18:11.05522
10	votes	17	User	3	Video	1	2013-08-06 15:16:25.986626	2013-08-06 15:18:14.976591
13	votes	17	User	11	Video	1	2013-08-06 15:18:19.239024	2013-08-06 15:20:48.783414
14	votes	17	User	55	Video	1	2013-08-06 15:20:54.609024	2013-08-06 15:21:00.05762
15	votes	17	User	180	Video	-1	2013-08-06 15:35:57.434465	2013-08-06 15:35:57.434465
17	votes	17	User	169	Video	-1	2013-08-06 15:59:56.204782	2013-08-06 15:59:56.204782
18	votes	17	User	166	Video	1	2013-08-06 16:01:10.353806	2013-08-06 16:01:10.353806
19	votes	17	User	102	Video	-1	2013-08-06 16:02:19.325299	2013-08-06 16:02:19.325299
20	votes	17	User	89	Video	-1	2013-08-06 16:06:12.855537	2013-08-06 16:06:12.855537
21	votes	17	User	97	Video	1	2013-08-06 16:06:21.043811	2013-08-06 16:06:21.043811
22	votes	17	User	178	Video	1	2013-08-06 17:19:50.504547	2013-08-06 17:19:50.504547
23	votes	17	User	81	Video	1	2013-08-08 13:06:17.641496	2013-08-08 13:06:17.641496
24	votes	17	User	14	Video	1	2013-08-08 13:10:37.069663	2013-08-08 13:10:37.069663
25	votes	17	User	17	Video	-1	2013-08-08 13:10:51.693565	2013-08-08 13:10:51.693565
26	votes	17	User	26	Video	1	2013-08-08 13:11:12.329122	2013-08-08 13:11:12.329122
27	votes	31	User	199	Video	1	2013-09-14 06:31:00.680483	2013-09-14 06:31:00.680483
\.


--
-- Name: rs_evaluations_id_seq; Type: SEQUENCE SET; Schema: public; Owner: balabanpetr
--

SELECT pg_catalog.setval('rs_evaluations_id_seq', 27, true);


--
-- Data for Name: rs_reputation_messages; Type: TABLE DATA; Schema: public; Owner: balabanpetr
--

COPY rs_reputation_messages (id, sender_id, sender_type, receiver_id, weight, created_at, updated_at) FROM stdin;
1	1	ReputationSystem::Evaluation	1	1	2013-04-16 14:35:03.766476	2013-04-16 14:35:03.766476
2	2	ReputationSystem::Evaluation	15	1	2013-04-26 05:23:55.162015	2013-04-26 05:23:55.162015
3	3	ReputationSystem::Evaluation	20	1	2013-07-14 17:30:39.535287	2013-07-14 17:30:39.535287
7	7	ReputationSystem::Evaluation	7	1	2013-08-06 14:17:25.21301	2013-08-06 14:17:25.21301
9	9	ReputationSystem::Evaluation	6	1	2013-08-06 15:15:04.763804	2013-08-06 15:15:04.763804
10	10	ReputationSystem::Evaluation	3	1	2013-08-06 15:16:26.00051	2013-08-06 15:16:26.00051
11	11	ReputationSystem::Evaluation	5	1	2013-08-06 15:16:42.95899	2013-08-06 15:16:42.95899
12	12	ReputationSystem::Evaluation	4	1	2013-08-06 15:18:10.922987	2013-08-06 15:18:10.922987
13	13	ReputationSystem::Evaluation	11	1	2013-08-06 15:18:19.255188	2013-08-06 15:18:19.255188
14	14	ReputationSystem::Evaluation	55	1	2013-08-06 15:20:54.624769	2013-08-06 15:20:54.624769
15	15	ReputationSystem::Evaluation	180	1	2013-08-06 15:35:57.55117	2013-08-06 15:35:57.55117
17	17	ReputationSystem::Evaluation	169	1	2013-08-06 15:59:56.223393	2013-08-06 15:59:56.223393
18	18	ReputationSystem::Evaluation	166	1	2013-08-06 16:01:10.372063	2013-08-06 16:01:10.372063
19	19	ReputationSystem::Evaluation	102	1	2013-08-06 16:02:19.345453	2013-08-06 16:02:19.345453
20	20	ReputationSystem::Evaluation	89	1	2013-08-06 16:06:12.874234	2013-08-06 16:06:12.874234
21	21	ReputationSystem::Evaluation	97	1	2013-08-06 16:06:21.062461	2013-08-06 16:06:21.062461
22	22	ReputationSystem::Evaluation	178	1	2013-08-06 17:19:50.631116	2013-08-06 17:19:50.631116
23	23	ReputationSystem::Evaluation	81	1	2013-08-08 13:06:17.821341	2013-08-08 13:06:17.821341
24	24	ReputationSystem::Evaluation	14	1	2013-08-08 13:10:37.087021	2013-08-08 13:10:37.087021
25	25	ReputationSystem::Evaluation	17	1	2013-08-08 13:10:51.712496	2013-08-08 13:10:51.712496
26	26	ReputationSystem::Evaluation	26	1	2013-08-08 13:11:12.34791	2013-08-08 13:11:12.34791
27	27	ReputationSystem::Evaluation	199	1	2013-09-14 06:31:00.728079	2013-09-14 06:31:00.728079
\.


--
-- Name: rs_reputation_messages_id_seq; Type: SEQUENCE SET; Schema: public; Owner: balabanpetr
--

SELECT pg_catalog.setval('rs_reputation_messages_id_seq', 27, true);


--
-- Data for Name: rs_reputations; Type: TABLE DATA; Schema: public; Owner: balabanpetr
--

COPY rs_reputations (id, reputation_name, value, aggregated_by, target_id, target_type, active, created_at, updated_at) FROM stdin;
1	votes	1	sum	1	Video	t	2013-04-04 07:22:11.10061	2013-04-16 14:35:03.746901
2	votes	0	sum	2	Video	t	2013-04-22 13:28:53.781293	2013-04-22 13:28:53.781293
8	votes	0	sum	8	Video	t	2013-04-25 18:27:11.660218	2013-04-25 18:27:11.660218
9	votes	0	sum	9	Video	t	2013-04-25 18:28:31.52927	2013-04-25 18:28:31.52927
10	votes	0	sum	10	Video	t	2013-04-25 18:30:11.924827	2013-04-25 18:30:11.924827
12	votes	0	sum	12	Video	t	2013-04-25 18:32:43.216684	2013-04-25 18:32:43.216684
13	votes	0	sum	13	Video	t	2013-04-25 18:33:47.437212	2013-04-25 18:33:47.437212
16	votes	0	sum	16	Video	t	2013-04-25 18:39:49.579846	2013-04-25 18:39:49.579846
15	votes	1	sum	15	Video	t	2013-04-25 18:37:22.911076	2013-04-26 05:23:55.114747
18	votes	0	sum	18	Video	t	2013-05-10 15:36:26.891688	2013-05-10 15:36:26.891688
19	votes	0	sum	19	Video	t	2013-05-10 15:37:14.362754	2013-05-10 15:37:14.362754
21	votes	0	sum	21	Video	t	2013-05-10 15:43:52.605263	2013-05-10 15:43:52.605263
22	votes	0	sum	22	Video	t	2013-05-10 15:44:53.160584	2013-05-10 15:44:53.160584
23	votes	0	sum	23	Video	t	2013-05-10 15:45:56.985929	2013-05-10 15:45:56.985929
24	votes	0	sum	24	Video	t	2013-05-10 15:46:48.342639	2013-05-10 15:46:48.342639
25	votes	0	sum	25	Video	t	2013-05-10 15:50:15.251896	2013-05-10 15:50:15.251896
27	votes	0	sum	27	Video	t	2013-05-10 15:52:08.850228	2013-05-10 15:52:08.850228
28	votes	0	sum	28	Video	t	2013-05-10 15:53:45.232845	2013-05-10 15:53:45.232845
29	votes	0	sum	29	Video	t	2013-05-31 20:24:02.813389	2013-05-31 20:24:02.813389
30	votes	0	sum	30	Video	t	2013-05-31 20:31:23.768701	2013-05-31 20:31:23.768701
31	votes	0	sum	31	Video	t	2013-05-31 20:32:53.922836	2013-05-31 20:32:53.922836
32	votes	0	sum	32	Video	t	2013-05-31 20:37:15.561889	2013-05-31 20:37:15.561889
33	votes	0	sum	33	Video	t	2013-05-31 20:40:35.276741	2013-05-31 20:40:35.276741
34	votes	0	sum	34	Video	t	2013-05-31 20:42:07.323473	2013-05-31 20:42:07.323473
35	votes	0	sum	35	Video	t	2013-05-31 20:42:54.766126	2013-05-31 20:42:54.766126
36	votes	0	sum	36	Video	t	2013-05-31 20:44:02.307368	2013-05-31 20:44:02.307368
37	votes	0	sum	37	Video	t	2013-05-31 20:45:12.398057	2013-05-31 20:45:12.398057
38	votes	0	sum	38	Video	t	2013-05-31 20:48:07.20786	2013-05-31 20:48:07.20786
39	votes	0	sum	39	Video	t	2013-05-31 20:49:02.393153	2013-05-31 20:49:02.393153
40	votes	0	sum	40	Video	t	2013-05-31 20:50:28.483851	2013-05-31 20:50:28.483851
41	votes	0	sum	41	Video	t	2013-05-31 20:51:10.844185	2013-05-31 20:51:10.844185
42	votes	0	sum	42	Video	t	2013-05-31 20:52:05.833426	2013-05-31 20:52:05.833426
43	votes	0	sum	43	Video	t	2013-05-31 20:54:48.419174	2013-05-31 20:54:48.419174
44	votes	0	sum	44	Video	t	2013-05-31 21:02:20.512576	2013-05-31 21:02:20.512576
45	votes	0	sum	45	Video	t	2013-05-31 21:03:47.916016	2013-05-31 21:03:47.916016
46	votes	0	sum	46	Video	t	2013-05-31 21:04:45.290233	2013-05-31 21:04:45.290233
47	votes	0	sum	47	Video	t	2013-05-31 21:15:26.293072	2013-05-31 21:15:26.293072
48	votes	0	sum	48	Video	t	2013-05-31 21:17:10.950243	2013-05-31 21:17:10.950243
49	votes	0	sum	49	Video	t	2013-05-31 21:19:36.613108	2013-05-31 21:19:36.613108
50	votes	0	sum	50	Video	t	2013-05-31 21:20:37.41501	2013-05-31 21:20:37.41501
51	votes	0	sum	51	Video	t	2013-06-02 23:18:43.572879	2013-06-02 23:18:43.572879
52	votes	0	sum	52	Video	t	2013-06-02 23:19:42.984082	2013-06-02 23:19:42.984082
53	votes	0	sum	53	Video	t	2013-06-02 23:20:46.235151	2013-06-02 23:20:46.235151
54	votes	0	sum	54	Video	t	2013-06-02 23:21:46.80165	2013-06-02 23:21:46.80165
56	votes	0	sum	56	Video	t	2013-06-05 16:11:31.279899	2013-06-05 16:11:31.279899
57	votes	0	sum	57	Video	t	2013-06-05 16:12:56.543429	2013-06-05 16:12:56.543429
58	votes	0	sum	58	Video	t	2013-06-05 16:15:04.890453	2013-06-05 16:15:04.890453
59	votes	0	sum	59	Video	t	2013-06-05 16:16:35.635467	2013-06-05 16:16:35.635467
60	votes	0	sum	60	Video	t	2013-06-05 16:18:21.87427	2013-06-05 16:18:21.87427
61	votes	0	sum	61	Video	t	2013-06-05 16:19:24.393902	2013-06-05 16:19:24.393902
62	votes	0	sum	62	Video	t	2013-06-05 16:26:27.311563	2013-06-05 16:26:27.311563
63	votes	0	sum	63	Video	t	2013-06-05 16:27:40.970456	2013-06-05 16:27:40.970456
64	votes	0	sum	64	Video	t	2013-06-05 16:28:27.107833	2013-06-05 16:28:27.107833
65	votes	0	sum	65	Video	t	2013-06-05 16:29:56.080755	2013-06-05 16:29:56.080755
66	votes	0	sum	66	Video	t	2013-06-05 16:30:56.853593	2013-06-05 16:30:56.853593
67	votes	0	sum	67	Video	t	2013-06-05 16:31:40.55632	2013-06-05 16:31:40.55632
68	votes	0	sum	68	Video	t	2013-06-05 16:58:19.408978	2013-06-05 16:58:19.408978
69	votes	0	sum	69	Video	t	2013-06-05 16:59:37.180553	2013-06-05 16:59:37.180553
70	votes	0	sum	70	Video	t	2013-06-05 22:39:26.348409	2013-06-05 22:39:26.348409
71	votes	0	sum	71	Video	t	2013-06-05 22:40:57.169386	2013-06-05 22:40:57.169386
72	votes	0	sum	72	Video	t	2013-06-05 22:41:59.257844	2013-06-05 22:41:59.257844
73	votes	0	sum	73	Video	t	2013-06-05 22:43:10.637074	2013-06-05 22:43:10.637074
74	votes	0	sum	74	Video	t	2013-06-05 22:44:28.730353	2013-06-05 22:44:28.730353
75	votes	0	sum	75	Video	t	2013-06-05 22:51:37.273129	2013-06-05 22:51:37.273129
76	votes	0	sum	76	Video	t	2013-06-05 22:52:56.76419	2013-06-05 22:52:56.76419
77	votes	0	sum	77	Video	t	2013-06-05 22:53:41.10637	2013-06-05 22:53:41.10637
78	votes	0	sum	78	Video	t	2013-06-05 22:55:02.11704	2013-06-05 22:55:02.11704
79	votes	0	sum	79	Video	t	2013-06-05 22:57:31.629894	2013-06-05 22:57:31.629894
80	votes	0	sum	80	Video	t	2013-06-05 22:58:29.288373	2013-06-05 22:58:29.288373
82	votes	0	sum	82	Video	t	2013-06-05 23:00:39.869743	2013-06-05 23:00:39.869743
83	votes	0	sum	83	Video	t	2013-06-05 23:01:26.213889	2013-06-05 23:01:26.213889
84	votes	0	sum	84	Video	t	2013-06-05 23:08:22.06053	2013-06-05 23:08:22.06053
85	votes	0	sum	85	Video	t	2013-06-05 23:09:36.714266	2013-06-05 23:09:36.714266
86	votes	0	sum	86	Video	t	2013-06-05 23:10:47.679011	2013-06-05 23:10:47.679011
87	votes	0	sum	87	Video	t	2013-06-05 23:13:02.928748	2013-06-05 23:13:02.928748
88	votes	0	sum	88	Video	t	2013-06-05 23:15:02.627273	2013-06-05 23:15:02.627273
90	votes	0	sum	90	Video	t	2013-06-05 23:18:36.87545	2013-06-05 23:18:36.87545
91	votes	0	sum	91	Video	t	2013-06-05 23:19:16.490337	2013-06-05 23:19:16.490337
92	votes	0	sum	92	Video	t	2013-06-05 23:26:16.791927	2013-06-05 23:26:16.791927
93	votes	0	sum	93	Video	t	2013-06-05 23:26:56.651073	2013-06-05 23:26:56.651073
94	votes	0	sum	94	Video	t	2013-06-05 23:28:21.693474	2013-06-05 23:28:21.693474
95	votes	0	sum	95	Video	t	2013-06-05 23:30:02.873869	2013-06-05 23:30:02.873869
96	votes	0	sum	96	Video	t	2013-06-05 23:30:57.626819	2013-06-05 23:30:57.626819
98	votes	0	sum	98	Video	t	2013-06-05 23:33:08.697036	2013-06-05 23:33:08.697036
81	votes	1	sum	81	Video	t	2013-06-05 22:59:43.824718	2013-08-08 13:06:17.798584
14	votes	1	sum	14	Video	t	2013-04-25 18:36:12.62676	2013-08-08 13:10:37.081294
17	votes	-1	sum	17	Video	t	2013-05-10 15:35:17.448295	2013-08-08 13:10:51.707111
26	votes	1	sum	26	Video	t	2013-05-10 15:51:27.352543	2013-08-08 13:11:12.342858
106	votes	0	sum	106	Video	t	2013-06-05 23:43:18.594031	2013-06-05 23:43:18.594031
99	votes	0	sum	99	Video	t	2013-06-05 23:34:48.638028	2013-06-05 23:34:48.638028
103	votes	0	sum	103	Video	t	2013-06-05 23:40:12.366839	2013-06-05 23:40:12.366839
107	votes	0	sum	107	Video	t	2013-06-05 23:44:08.172837	2013-06-05 23:44:08.172837
100	votes	0	sum	100	Video	t	2013-06-05 23:35:57.576573	2013-06-05 23:35:57.576573
104	votes	0	sum	104	Video	t	2013-06-05 23:41:17.524331	2013-06-05 23:41:17.524331
108	votes	0	sum	108	Video	t	2013-06-05 23:45:15.523452	2013-06-05 23:45:15.523452
101	votes	0	sum	101	Video	t	2013-06-05 23:37:55.407617	2013-06-05 23:37:55.407617
105	votes	0	sum	105	Video	t	2013-06-05 23:42:21.434664	2013-06-05 23:42:21.434664
109	votes	0	sum	109	Video	t	2013-06-05 23:46:08.219149	2013-06-05 23:46:08.219149
110	votes	0	sum	110	Video	t	2013-06-06 16:11:03.212245	2013-06-06 16:11:03.212245
111	votes	0	sum	111	Video	t	2013-06-06 16:12:02.20082	2013-06-06 16:12:02.20082
112	votes	0	sum	112	Video	t	2013-06-06 17:02:06.030582	2013-06-06 17:02:06.030582
113	votes	0	sum	113	Video	t	2013-06-06 17:04:52.951553	2013-06-06 17:04:52.951553
114	votes	0	sum	114	Video	t	2013-06-06 17:14:46.934757	2013-06-06 17:14:46.934757
115	votes	0	sum	115	Video	t	2013-06-06 17:15:46.911771	2013-06-06 17:15:46.911771
116	votes	0	sum	116	Video	t	2013-06-06 17:16:53.879681	2013-06-06 17:16:53.879681
117	votes	0	sum	117	Video	t	2013-06-06 17:18:18.47933	2013-06-06 17:18:18.47933
118	votes	0	sum	118	Video	t	2013-06-06 17:19:17.470737	2013-06-06 17:19:17.470737
119	votes	0	sum	119	Video	t	2013-06-06 17:20:08.67251	2013-06-06 17:20:08.67251
120	votes	0	sum	120	Video	t	2013-06-06 17:21:15.785795	2013-06-06 17:21:15.785795
121	votes	0	sum	121	Video	t	2013-06-06 17:22:09.654956	2013-06-06 17:22:09.654956
122	votes	0	sum	122	Video	t	2013-06-06 17:23:21.626488	2013-06-06 17:23:21.626488
123	votes	0	sum	123	Video	t	2013-06-06 17:24:43.839938	2013-06-06 17:24:43.839938
124	votes	0	sum	124	Video	t	2013-06-06 17:26:07.158014	2013-06-06 17:26:07.158014
125	votes	0	sum	125	Video	t	2013-06-06 17:26:52.619378	2013-06-06 17:26:52.619378
126	votes	0	sum	126	Video	t	2013-06-06 17:29:04.963482	2013-06-06 17:29:04.963482
127	votes	0	sum	127	Video	t	2013-06-06 17:30:05.012655	2013-06-06 17:30:05.012655
128	votes	0	sum	128	Video	t	2013-06-06 17:31:27.110598	2013-06-06 17:31:27.110598
129	votes	0	sum	129	Video	t	2013-06-06 17:33:44.641756	2013-06-06 17:33:44.641756
130	votes	0	sum	130	Video	t	2013-06-06 17:34:48.094502	2013-06-06 17:34:48.094502
131	votes	0	sum	131	Video	t	2013-06-06 17:35:32.343406	2013-06-06 17:35:32.343406
132	votes	0	sum	132	Video	t	2013-06-06 17:36:20.183688	2013-06-06 17:36:20.183688
133	votes	0	sum	133	Video	t	2013-06-06 17:37:14.78002	2013-06-06 17:37:14.78002
134	votes	0	sum	134	Video	t	2013-06-06 17:37:49.016478	2013-06-06 17:37:49.016478
135	votes	0	sum	135	Video	t	2013-06-06 17:38:13.152045	2013-06-06 17:38:13.152045
136	votes	0	sum	136	Video	t	2013-06-06 17:38:49.814392	2013-06-06 17:38:49.814392
137	votes	0	sum	137	Video	t	2013-06-06 17:41:07.417877	2013-06-06 17:41:07.417877
138	votes	0	sum	138	Video	t	2013-06-06 17:42:01.20661	2013-06-06 17:42:01.20661
139	votes	0	sum	139	Video	t	2013-06-06 17:44:16.390145	2013-06-06 17:44:16.390145
140	votes	0	sum	140	Video	t	2013-06-06 17:45:28.421494	2013-06-06 17:45:28.421494
141	votes	0	sum	141	Video	t	2013-06-06 17:46:26.977949	2013-06-06 17:46:26.977949
142	votes	0	sum	142	Video	t	2013-06-06 17:47:13.753303	2013-06-06 17:47:13.753303
143	votes	0	sum	143	Video	t	2013-06-06 17:48:09.187369	2013-06-06 17:48:09.187369
144	votes	0	sum	144	Video	t	2013-06-06 17:48:46.518566	2013-06-06 17:48:46.518566
145	votes	0	sum	145	Video	t	2013-06-06 17:49:29.866393	2013-06-06 17:49:29.866393
146	votes	0	sum	146	Video	t	2013-06-06 17:50:16.614627	2013-06-06 17:50:16.614627
147	votes	0	sum	147	Video	t	2013-06-06 17:50:48.127932	2013-06-06 17:50:48.127932
148	votes	0	sum	148	Video	t	2013-06-06 17:57:27.820821	2013-06-06 17:57:27.820821
149	votes	0	sum	149	Video	t	2013-06-06 17:58:45.395083	2013-06-06 17:58:45.395083
150	votes	0	sum	150	Video	t	2013-06-06 17:59:38.488106	2013-06-06 17:59:38.488106
151	votes	0	sum	151	Video	t	2013-06-06 18:00:24.851092	2013-06-06 18:00:24.851092
152	votes	0	sum	152	Video	t	2013-06-06 18:01:17.390943	2013-06-06 18:01:17.390943
153	votes	0	sum	153	Video	t	2013-06-06 18:02:45.661181	2013-06-06 18:02:45.661181
154	votes	0	sum	154	Video	t	2013-06-06 18:04:30.643781	2013-06-06 18:04:30.643781
155	votes	0	sum	155	Video	t	2013-07-14 14:27:00.191526	2013-07-14 14:27:00.191526
156	votes	0	sum	156	Video	t	2013-07-14 14:28:06.599525	2013-07-14 14:28:06.599525
157	votes	0	sum	157	Video	t	2013-07-14 14:29:09.762801	2013-07-14 14:29:09.762801
158	votes	0	sum	158	Video	t	2013-07-14 14:30:33.413568	2013-07-14 14:30:33.413568
159	votes	0	sum	159	Video	t	2013-07-14 14:31:52.252826	2013-07-14 14:31:52.252826
160	votes	0	sum	160	Video	t	2013-07-14 14:32:45.269544	2013-07-14 14:32:45.269544
161	votes	0	sum	161	Video	t	2013-07-14 14:33:37.366789	2013-07-14 14:33:37.366789
162	votes	0	sum	162	Video	t	2013-07-14 14:34:46.324902	2013-07-14 14:34:46.324902
163	votes	0	sum	163	Video	t	2013-07-14 14:35:41.719594	2013-07-14 14:35:41.719594
164	votes	0	sum	164	Video	t	2013-07-14 14:37:03.454668	2013-07-14 14:37:03.454668
165	votes	0	sum	165	Video	t	2013-07-14 14:38:42.94095	2013-07-14 14:38:42.94095
167	votes	0	sum	167	Video	t	2013-07-14 14:44:00.21405	2013-07-14 14:44:00.21405
168	votes	0	sum	168	Video	t	2013-07-14 14:45:52.615066	2013-07-14 14:45:52.615066
20	votes	1	sum	20	Video	t	2013-05-10 15:42:55.809989	2013-07-14 17:30:39.470845
177	votes	0	sum	177	Video	t	2013-07-23 17:21:00.005947	2013-07-23 17:21:00.005947
179	votes	0	sum	179	Video	t	2013-07-23 17:39:15.295712	2013-07-23 17:39:15.295712
181	votes	0	sum	181	Video	t	2013-07-23 17:42:01.114152	2013-07-23 17:42:01.114152
182	votes	0	sum	182	Video	t	2013-07-23 17:42:53.014906	2013-07-23 17:42:53.014906
184	votes	0	sum	184	Video	t	2013-07-23 17:52:41.613333	2013-07-23 17:52:41.613333
7	votes	1	sum	7	Video	t	2013-04-22 14:21:45.380192	2013-08-06 14:17:25.189916
6	votes	1	sum	6	Video	t	2013-04-22 14:19:30.175233	2013-08-06 15:16:08.775449
5	votes	1	sum	5	Video	t	2013-04-22 14:01:33.248186	2013-08-06 15:18:06.376064
4	votes	1	sum	4	Video	t	2013-04-22 13:58:02.274506	2013-08-06 15:18:11.064122
3	votes	1	sum	3	Video	t	2013-04-22 13:37:55.91208	2013-08-06 15:18:14.985316
11	votes	1	sum	11	Video	t	2013-04-25 18:31:28.927474	2013-08-06 15:20:48.793469
55	votes	1	sum	55	Video	t	2013-06-02 23:22:51.375801	2013-08-06 15:21:00.06714
180	votes	-1	sum	180	Video	t	2013-07-23 17:39:51.205113	2013-08-06 15:35:57.528356
169	votes	-1	sum	169	Video	t	2013-07-17 12:51:06.922109	2013-08-06 15:59:56.217963
166	votes	1	sum	166	Video	t	2013-07-14 14:42:09.153248	2013-08-06 16:01:10.36694
102	votes	-1	sum	102	Video	t	2013-06-05 23:39:02.804183	2013-08-06 16:02:19.339012
89	votes	-1	sum	89	Video	t	2013-06-05 23:17:40.381212	2013-08-06 16:06:12.868354
97	votes	1	sum	97	Video	t	2013-06-05 23:31:56.800029	2013-08-06 16:06:21.05711
178	votes	1	sum	178	Video	t	2013-07-23 17:21:26.638798	2013-08-06 17:19:50.536091
188	votes	0	sum	189	Video	t	2013-08-18 13:34:53.854387	2013-08-18 13:34:53.854387
189	votes	0	sum	194	Video	t	2013-08-18 14:02:54.03458	2013-08-18 14:02:54.03458
190	votes	0	sum	188	Video	t	2013-08-18 14:03:09.580299	2013-08-18 14:03:09.580299
191	votes	0	sum	195	Video	t	2013-08-18 14:03:15.692985	2013-08-18 14:03:15.692985
192	votes	0	sum	192	Video	t	2013-08-26 16:01:02.506731	2013-08-26 16:01:02.506731
193	votes	0	sum	191	Video	t	2013-08-26 16:01:02.542521	2013-08-26 16:01:02.542521
194	votes	0	sum	197	Video	t	2013-08-26 16:01:02.5599	2013-08-26 16:01:02.5599
195	votes	0	sum	190	Video	t	2013-08-26 16:01:09.035022	2013-08-26 16:01:09.035022
196	votes	0	sum	196	Video	t	2013-08-26 16:01:09.05614	2013-08-26 16:01:09.05614
197	votes	0	sum	193	Video	t	2013-08-26 16:01:09.078335	2013-08-26 16:01:09.078335
198	votes	0	sum	200	Video	t	2013-09-13 16:49:27.819767	2013-09-13 16:49:27.819767
200	votes	0	sum	204	Video	t	2013-09-13 16:49:27.871056	2013-09-13 16:49:27.871056
201	votes	0	sum	206	Video	t	2013-09-13 16:49:27.888243	2013-09-13 16:49:27.888243
202	votes	0	sum	201	Video	t	2013-09-13 16:49:27.908952	2013-09-13 16:49:27.908952
203	votes	0	sum	207	Video	t	2013-09-13 16:49:27.926892	2013-09-13 16:49:27.926892
204	votes	0	sum	205	Video	t	2013-09-13 16:49:27.945437	2013-09-13 16:49:27.945437
205	votes	0	sum	198	Video	t	2013-09-13 16:49:27.963101	2013-09-13 16:49:27.963101
206	votes	0	sum	203	Video	t	2013-09-13 16:49:27.981074	2013-09-13 16:49:27.981074
207	votes	0	sum	202	Video	t	2013-09-13 16:49:28.001132	2013-09-13 16:49:28.001132
199	votes	1	sum	199	Video	t	2013-09-13 16:49:27.848906	2013-09-14 06:31:00.708951
\.


--
-- Name: rs_reputations_id_seq; Type: SEQUENCE SET; Schema: public; Owner: balabanpetr
--

SELECT pg_catalog.setval('rs_reputations_id_seq', 207, true);


--
-- Data for Name: schema_migrations; Type: TABLE DATA; Schema: public; Owner: balabanpetr
--

COPY schema_migrations (version) FROM stdin;
20121219175553
20121221023411
20121221023528
20121226045221
20121227010321
20121227201346
20121227210050
20130107221008
20130107223623
20130109041716
20130109041717
20130109041718
20130109041719
20130109041720
20130109041721
20130109041722
20130110023625
20130111033508
20130112033646
20130114230004
20130114230005
20130114230006
20130114230007
20130114230008
20130116230747
20130117054723
20130117061416
20130117070918
20130118171903
20130125230638
20130127025931
20130127025941
20130127025942
20130127183109
20130201165132
20130201165339
20130201165515
20130205071818
20130207042312
20130225233751
20130226004414
20130401000705
20130426053144
20130723182226
20130725124530
20130801114650
20130801140019
20130801153459
20130817111429
20130817151337
20130818142950
\.


--
-- Data for Name: student_teacher_profiles; Type: TABLE DATA; Schema: public; Owner: balabanpetr
--

COPY student_teacher_profiles (id, user_id, to_learn, on_leant_amount, to_teach, for_teaching_amount, created_at, updated_at) FROM stdin;
1	14					2013-08-17 12:42:54.546241	2013-08-17 12:42:54.546241
2	1					2013-08-17 12:42:54.564362	2013-08-17 12:42:54.564362
3	9					2013-08-17 12:42:54.569592	2013-08-17 12:42:54.569592
4	3					2013-08-17 12:42:54.574179	2013-08-17 12:42:54.574179
5	4					2013-08-17 12:42:54.578844	2013-08-17 12:42:54.578844
6	2					2013-08-17 12:42:54.582795	2013-08-17 12:42:54.582795
7	10					2013-08-17 12:42:54.587289	2013-08-17 12:42:54.587289
8	5					2013-08-17 12:42:54.591798	2013-08-17 12:42:54.591798
9	6					2013-08-17 12:42:54.595755	2013-08-17 12:42:54.595755
10	7					2013-08-17 12:42:54.599603	2013-08-17 12:42:54.599603
11	8					2013-08-17 12:42:54.603816	2013-08-17 12:42:54.603816
12	11					2013-08-17 12:42:54.608257	2013-08-17 12:42:54.608257
13	12					2013-08-17 12:42:54.612336	2013-08-17 12:42:54.612336
14	13					2013-08-17 12:42:54.616539	2013-08-17 12:42:54.616539
15	15					2013-08-17 12:42:54.620968	2013-08-17 12:42:54.620968
16	16					2013-08-17 12:42:54.625584	2013-08-17 12:42:54.625584
17	18					2013-08-17 12:42:54.630532	2013-08-17 12:42:54.630532
18	17	How you must be updated	100$ for lesson some new text here	How to make a gun and here	free and here	2013-08-17 12:42:54.634846	2013-08-24 14:33:38.650761
30	30					2013-08-27 15:16:09.587218	2013-08-27 15:16:09.587218
31	31					2013-09-13 22:27:48.392945	2013-09-13 22:27:48.392945
\.


--
-- Name: student_teacher_profiles_id_seq; Type: SEQUENCE SET; Schema: public; Owner: balabanpetr
--

SELECT pg_catalog.setval('student_teacher_profiles_id_seq', 31, true);


--
-- Data for Name: subscriptions; Type: TABLE DATA; Schema: public; Owner: balabanpetr
--

COPY subscriptions (id, plan_id, email, created_at, updated_at, stripe_customer_token) FROM stdin;
\.


--
-- Name: subscriptions_id_seq; Type: SEQUENCE SET; Schema: public; Owner: balabanpetr
--

SELECT pg_catalog.setval('subscriptions_id_seq', 1, false);


--
-- Data for Name: taggings; Type: TABLE DATA; Schema: public; Owner: balabanpetr
--

COPY taggings (id, tag_id, taggable_id, taggable_type, tagger_id, tagger_type, context, created_at) FROM stdin;
1	1	1	Video	\N	\N	tags	2013-04-04 07:22:08.246484
2	2	1	Video	\N	\N	tags	2013-04-04 07:22:08.258538
3	3	1	Video	\N	\N	tags	2013-04-04 07:22:08.263209
4	4	2	Video	\N	\N	tags	2013-04-22 13:28:50.748924
5	5	2	Video	\N	\N	tags	2013-04-22 13:28:50.803875
6	6	2	Video	\N	\N	tags	2013-04-22 13:28:50.809625
7	4	3	Video	\N	\N	tags	2013-04-22 13:37:53.526752
8	5	3	Video	\N	\N	tags	2013-04-22 13:37:53.535144
9	4	4	Video	\N	\N	tags	2013-04-22 13:57:59.726434
10	5	4	Video	\N	\N	tags	2013-04-22 13:57:59.735675
11	4	5	Video	\N	\N	tags	2013-04-22 14:01:30.565807
12	5	5	Video	\N	\N	tags	2013-04-22 14:01:30.575487
13	6	5	Video	\N	\N	tags	2013-04-22 14:01:30.5819
14	4	6	Video	\N	\N	tags	2013-04-22 14:19:26.229056
15	5	6	Video	\N	\N	tags	2013-04-22 14:19:26.258607
16	6	6	Video	\N	\N	tags	2013-04-22 14:19:26.306605
17	5	7	Video	\N	\N	tags	2013-04-22 14:21:41.967299
18	7	7	Video	\N	\N	tags	2013-04-22 14:21:41.97406
19	4	8	Video	\N	\N	tags	2013-04-25 18:27:06.935887
20	5	8	Video	\N	\N	tags	2013-04-25 18:27:07.005668
21	5	9	Video	\N	\N	tags	2013-04-25 18:28:28.058572
22	8	9	Video	\N	\N	tags	2013-04-25 18:28:28.070972
23	9	9	Video	\N	\N	tags	2013-04-25 18:28:28.07814
24	10	9	Video	\N	\N	tags	2013-04-25 18:28:28.094469
25	7	10	Video	\N	\N	tags	2013-04-25 18:30:09.401325
26	11	10	Video	\N	\N	tags	2013-04-25 18:30:09.411206
27	4	11	Video	\N	\N	tags	2013-04-25 18:31:25.871227
28	5	11	Video	\N	\N	tags	2013-04-25 18:31:25.882395
29	6	11	Video	\N	\N	tags	2013-04-25 18:31:25.891856
30	12	11	Video	\N	\N	tags	2013-04-25 18:31:25.899044
31	13	12	Video	\N	\N	tags	2013-04-25 18:32:40.390238
32	14	12	Video	\N	\N	tags	2013-04-25 18:32:40.408545
33	9	13	Video	\N	\N	tags	2013-04-25 18:33:44.67547
34	13	13	Video	\N	\N	tags	2013-04-25 18:33:44.68295
35	15	13	Video	\N	\N	tags	2013-04-25 18:33:44.689223
36	9	14	Video	\N	\N	tags	2013-04-25 18:36:09.920967
37	13	14	Video	\N	\N	tags	2013-04-25 18:36:09.928504
38	5	15	Video	\N	\N	tags	2013-04-25 18:37:19.878622
39	4	16	Video	\N	\N	tags	2013-04-25 18:39:46.934331
40	5	16	Video	\N	\N	tags	2013-04-25 18:39:46.941367
41	9	16	Video	\N	\N	tags	2013-04-25 18:39:46.948102
42	15	16	Video	\N	\N	tags	2013-04-25 18:39:46.954572
43	16	16	Video	\N	\N	tags	2013-04-25 18:39:46.96118
44	17	16	Video	\N	\N	tags	2013-04-25 18:39:46.968226
45	9	17	Video	\N	\N	tags	2013-05-10 15:35:13.514765
46	13	17	Video	\N	\N	tags	2013-05-10 15:35:13.563238
47	16	17	Video	\N	\N	tags	2013-05-10 15:35:13.571989
48	17	17	Video	\N	\N	tags	2013-05-10 15:35:13.578886
49	5	18	Video	\N	\N	tags	2013-05-10 15:36:24.37169
50	18	18	Video	\N	\N	tags	2013-05-10 15:36:24.383511
51	9	19	Video	\N	\N	tags	2013-05-10 15:37:11.776939
52	13	19	Video	\N	\N	tags	2013-05-10 15:37:11.783319
53	16	19	Video	\N	\N	tags	2013-05-10 15:37:11.787964
54	17	19	Video	\N	\N	tags	2013-05-10 15:37:11.792396
55	19	20	Video	\N	\N	tags	2013-05-10 15:42:53.219524
56	20	20	Video	\N	\N	tags	2013-05-10 15:42:53.227444
57	21	21	Video	\N	\N	tags	2013-05-10 15:43:48.510331
58	22	22	Video	\N	\N	tags	2013-05-10 15:44:50.782305
59	23	23	Video	\N	\N	tags	2013-05-10 15:45:54.402553
60	9	24	Video	\N	\N	tags	2013-05-10 15:46:45.860399
61	13	24	Video	\N	\N	tags	2013-05-10 15:46:45.864664
62	16	24	Video	\N	\N	tags	2013-05-10 15:46:45.869657
63	17	24	Video	\N	\N	tags	2013-05-10 15:46:45.873793
64	24	25	Video	\N	\N	tags	2013-05-10 15:50:12.622901
65	25	25	Video	\N	\N	tags	2013-05-10 15:50:12.627572
66	26	25	Video	\N	\N	tags	2013-05-10 15:50:12.631882
67	5	26	Video	\N	\N	tags	2013-05-10 15:51:24.525897
68	9	26	Video	\N	\N	tags	2013-05-10 15:51:24.530839
69	16	26	Video	\N	\N	tags	2013-05-10 15:51:24.537049
70	17	26	Video	\N	\N	tags	2013-05-10 15:51:24.542204
71	5	27	Video	\N	\N	tags	2013-05-10 15:52:06.185493
72	5	28	Video	\N	\N	tags	2013-05-10 15:53:42.833911
73	9	28	Video	\N	\N	tags	2013-05-10 15:53:42.840659
74	16	28	Video	\N	\N	tags	2013-05-10 15:53:42.845015
75	17	28	Video	\N	\N	tags	2013-05-10 15:53:42.849774
76	22	28	Video	\N	\N	tags	2013-05-10 15:53:42.854987
77	27	29	Video	\N	\N	tags	2013-05-31 20:23:59.862568
78	28	29	Video	\N	\N	tags	2013-05-31 20:23:59.920232
79	27	30	Video	\N	\N	tags	2013-05-31 20:31:20.956945
80	29	30	Video	\N	\N	tags	2013-05-31 20:31:20.967623
81	27	31	Video	\N	\N	tags	2013-05-31 20:32:51.299598
82	30	31	Video	\N	\N	tags	2013-05-31 20:32:51.311251
83	27	33	Video	\N	\N	tags	2013-05-31 20:40:32.578173
84	29	33	Video	\N	\N	tags	2013-05-31 20:40:32.582873
85	27	34	Video	\N	\N	tags	2013-05-31 20:42:04.771214
86	29	34	Video	\N	\N	tags	2013-05-31 20:42:04.776425
87	31	34	Video	\N	\N	tags	2013-05-31 20:42:04.781144
88	27	35	Video	\N	\N	tags	2013-05-31 20:42:51.998333
89	29	35	Video	\N	\N	tags	2013-05-31 20:42:52.009852
90	32	36	Video	\N	\N	tags	2013-05-31 20:43:59.454832
91	33	36	Video	\N	\N	tags	2013-05-31 20:43:59.462882
92	27	37	Video	\N	\N	tags	2013-05-31 20:45:09.802835
93	34	37	Video	\N	\N	tags	2013-05-31 20:45:09.807204
94	9	38	Video	\N	\N	tags	2013-05-31 20:48:04.577376
95	17	38	Video	\N	\N	tags	2013-05-31 20:48:04.581575
96	35	38	Video	\N	\N	tags	2013-05-31 20:48:04.588126
97	27	39	Video	\N	\N	tags	2013-05-31 20:48:59.90936
98	27	40	Video	\N	\N	tags	2013-05-31 20:50:25.676429
99	34	40	Video	\N	\N	tags	2013-05-31 20:50:25.681216
100	36	40	Video	\N	\N	tags	2013-05-31 20:50:25.685724
101	27	41	Video	\N	\N	tags	2013-05-31 20:51:08.394349
102	9	42	Video	\N	\N	tags	2013-05-31 20:52:03.274056
103	16	42	Video	\N	\N	tags	2013-05-31 20:52:03.277975
104	17	42	Video	\N	\N	tags	2013-05-31 20:52:03.281835
105	27	42	Video	\N	\N	tags	2013-05-31 20:52:03.285719
106	37	43	Video	\N	\N	tags	2013-05-31 20:54:45.840854
107	37	44	Video	\N	\N	tags	2013-05-31 21:02:17.970424
108	9	45	Video	\N	\N	tags	2013-05-31 21:03:44.863484
109	32	45	Video	\N	\N	tags	2013-05-31 21:03:44.868986
110	38	45	Video	\N	\N	tags	2013-05-31 21:03:44.874171
111	39	45	Video	\N	\N	tags	2013-05-31 21:03:44.879597
112	40	45	Video	\N	\N	tags	2013-05-31 21:03:44.884827
113	41	45	Video	\N	\N	tags	2013-05-31 21:03:44.889461
114	9	46	Video	\N	\N	tags	2013-05-31 21:04:42.695222
115	32	46	Video	\N	\N	tags	2013-05-31 21:04:42.70068
116	42	46	Video	\N	\N	tags	2013-05-31 21:04:42.705855
117	43	46	Video	\N	\N	tags	2013-05-31 21:04:42.710335
118	44	46	Video	\N	\N	tags	2013-05-31 21:04:42.727071
119	9	47	Video	\N	\N	tags	2013-05-31 21:15:22.941694
120	32	47	Video	\N	\N	tags	2013-05-31 21:15:22.946022
121	45	47	Video	\N	\N	tags	2013-05-31 21:15:22.950249
122	5	48	Video	\N	\N	tags	2013-05-31 21:17:08.374112
123	46	48	Video	\N	\N	tags	2013-05-31 21:17:08.378092
124	47	49	Video	\N	\N	tags	2013-05-31 21:19:34.061095
125	48	49	Video	\N	\N	tags	2013-05-31 21:19:34.065708
126	49	50	Video	\N	\N	tags	2013-05-31 21:20:34.697582
127	50	51	Video	\N	\N	tags	2013-06-02 23:18:40.771406
128	9	52	Video	\N	\N	tags	2013-06-02 23:19:40.58292
129	16	52	Video	\N	\N	tags	2013-06-02 23:19:40.588964
130	17	52	Video	\N	\N	tags	2013-06-02 23:19:40.592807
131	50	52	Video	\N	\N	tags	2013-06-02 23:19:40.597575
132	9	53	Video	\N	\N	tags	2013-06-02 23:20:43.812219
133	10	53	Video	\N	\N	tags	2013-06-02 23:20:43.817677
134	16	53	Video	\N	\N	tags	2013-06-02 23:20:43.822266
135	17	53	Video	\N	\N	tags	2013-06-02 23:20:43.826032
136	50	53	Video	\N	\N	tags	2013-06-02 23:20:43.830222
137	50	54	Video	\N	\N	tags	2013-06-02 23:21:44.39337
138	5	55	Video	\N	\N	tags	2013-06-02 23:22:48.888755
139	9	55	Video	\N	\N	tags	2013-06-02 23:22:48.919415
140	16	55	Video	\N	\N	tags	2013-06-02 23:22:48.92651
141	17	55	Video	\N	\N	tags	2013-06-02 23:22:48.932411
142	50	55	Video	\N	\N	tags	2013-06-02 23:22:48.937585
143	51	55	Video	\N	\N	tags	2013-06-02 23:22:48.943183
144	52	56	Video	\N	\N	tags	2013-06-05 16:11:26.465177
145	53	56	Video	\N	\N	tags	2013-06-05 16:11:26.509505
146	9	57	Video	\N	\N	tags	2013-06-05 16:12:53.442359
147	16	57	Video	\N	\N	tags	2013-06-05 16:12:53.466494
148	17	57	Video	\N	\N	tags	2013-06-05 16:12:53.479148
149	54	57	Video	\N	\N	tags	2013-06-05 16:12:53.488721
150	9	59	Video	\N	\N	tags	2013-06-05 16:16:33.047139
151	16	59	Video	\N	\N	tags	2013-06-05 16:16:33.059104
152	17	59	Video	\N	\N	tags	2013-06-05 16:16:33.064943
153	55	59	Video	\N	\N	tags	2013-06-05 16:16:33.069486
154	55	60	Video	\N	\N	tags	2013-06-05 16:18:18.062082
155	9	61	Video	\N	\N	tags	2013-06-05 16:19:21.813172
156	16	61	Video	\N	\N	tags	2013-06-05 16:19:21.818134
157	17	61	Video	\N	\N	tags	2013-06-05 16:19:21.82236
158	55	61	Video	\N	\N	tags	2013-06-05 16:19:21.827456
159	9	62	Video	\N	\N	tags	2013-06-05 16:26:24.553361
160	16	62	Video	\N	\N	tags	2013-06-05 16:26:24.559672
161	17	62	Video	\N	\N	tags	2013-06-05 16:26:24.564027
162	55	62	Video	\N	\N	tags	2013-06-05 16:26:24.569069
163	9	63	Video	\N	\N	tags	2013-06-05 16:27:37.742096
164	16	63	Video	\N	\N	tags	2013-06-05 16:27:37.749518
165	17	63	Video	\N	\N	tags	2013-06-05 16:27:37.757389
166	55	63	Video	\N	\N	tags	2013-06-05 16:27:37.770257
167	9	64	Video	\N	\N	tags	2013-06-05 16:28:24.240923
168	16	64	Video	\N	\N	tags	2013-06-05 16:28:24.246118
169	17	64	Video	\N	\N	tags	2013-06-05 16:28:24.251302
170	55	64	Video	\N	\N	tags	2013-06-05 16:28:24.25609
171	9	65	Video	\N	\N	tags	2013-06-05 16:29:53.16898
172	16	65	Video	\N	\N	tags	2013-06-05 16:29:53.190231
173	17	65	Video	\N	\N	tags	2013-06-05 16:29:53.272654
174	56	65	Video	\N	\N	tags	2013-06-05 16:29:53.299559
175	57	65	Video	\N	\N	tags	2013-06-05 16:29:53.318576
176	9	66	Video	\N	\N	tags	2013-06-05 16:30:54.322527
177	16	66	Video	\N	\N	tags	2013-06-05 16:30:54.326622
178	17	66	Video	\N	\N	tags	2013-06-05 16:30:54.330936
179	56	66	Video	\N	\N	tags	2013-06-05 16:30:54.335188
180	57	66	Video	\N	\N	tags	2013-06-05 16:30:54.33956
181	9	67	Video	\N	\N	tags	2013-06-05 16:31:37.908705
182	16	67	Video	\N	\N	tags	2013-06-05 16:31:37.913216
183	17	67	Video	\N	\N	tags	2013-06-05 16:31:37.917597
184	56	67	Video	\N	\N	tags	2013-06-05 16:31:37.924147
185	58	67	Video	\N	\N	tags	2013-06-05 16:31:37.928485
186	9	68	Video	\N	\N	tags	2013-06-05 16:58:16.857878
187	16	68	Video	\N	\N	tags	2013-06-05 16:58:16.863589
188	17	68	Video	\N	\N	tags	2013-06-05 16:58:16.868529
189	58	68	Video	\N	\N	tags	2013-06-05 16:58:16.872426
190	9	69	Video	\N	\N	tags	2013-06-05 16:59:34.546286
191	16	69	Video	\N	\N	tags	2013-06-05 16:59:34.553481
192	17	69	Video	\N	\N	tags	2013-06-05 16:59:34.560385
193	56	69	Video	\N	\N	tags	2013-06-05 16:59:34.566834
194	58	69	Video	\N	\N	tags	2013-06-05 16:59:34.572131
195	59	70	Video	\N	\N	tags	2013-06-05 22:39:20.876494
196	59	72	Video	\N	\N	tags	2013-06-05 22:41:56.331155
197	60	72	Video	\N	\N	tags	2013-06-05 22:41:56.350727
198	59	73	Video	\N	\N	tags	2013-06-05 22:43:08.01476
199	60	73	Video	\N	\N	tags	2013-06-05 22:43:08.019852
200	59	74	Video	\N	\N	tags	2013-06-05 22:44:25.820461
201	61	75	Video	\N	\N	tags	2013-06-05 22:51:34.555635
202	62	75	Video	\N	\N	tags	2013-06-05 22:51:34.560938
203	61	76	Video	\N	\N	tags	2013-06-05 22:52:53.780166
204	62	76	Video	\N	\N	tags	2013-06-05 22:52:53.815104
205	61	77	Video	\N	\N	tags	2013-06-05 22:53:38.164522
206	62	77	Video	\N	\N	tags	2013-06-05 22:53:38.171036
207	32	78	Video	\N	\N	tags	2013-06-05 22:54:58.925842
208	61	78	Video	\N	\N	tags	2013-06-05 22:54:58.931873
209	62	78	Video	\N	\N	tags	2013-06-05 22:54:58.953179
210	61	79	Video	\N	\N	tags	2013-06-05 22:57:28.164899
211	62	79	Video	\N	\N	tags	2013-06-05 22:57:28.182327
212	61	80	Video	\N	\N	tags	2013-06-05 22:58:26.261294
213	63	80	Video	\N	\N	tags	2013-06-05 22:58:26.295062
214	7	81	Video	\N	\N	tags	2013-06-05 22:59:39.675956
215	9	81	Video	\N	\N	tags	2013-06-05 22:59:39.68246
216	16	81	Video	\N	\N	tags	2013-06-05 22:59:39.688085
217	17	81	Video	\N	\N	tags	2013-06-05 22:59:39.695164
218	61	81	Video	\N	\N	tags	2013-06-05 22:59:39.70427
219	63	81	Video	\N	\N	tags	2013-06-05 22:59:39.720166
220	7	82	Video	\N	\N	tags	2013-06-05 23:00:34.828731
221	9	82	Video	\N	\N	tags	2013-06-05 23:00:34.837823
222	16	82	Video	\N	\N	tags	2013-06-05 23:00:34.871124
223	17	82	Video	\N	\N	tags	2013-06-05 23:00:34.891224
224	61	82	Video	\N	\N	tags	2013-06-05 23:00:34.911412
225	63	82	Video	\N	\N	tags	2013-06-05 23:00:34.934079
226	61	83	Video	\N	\N	tags	2013-06-05 23:01:23.681038
227	63	83	Video	\N	\N	tags	2013-06-05 23:01:23.689044
228	61	84	Video	\N	\N	tags	2013-06-05 23:08:19.050431
229	63	84	Video	\N	\N	tags	2013-06-05 23:08:19.054722
230	61	85	Video	\N	\N	tags	2013-06-05 23:09:33.687907
231	64	85	Video	\N	\N	tags	2013-06-05 23:09:33.694493
232	32	86	Video	\N	\N	tags	2013-06-05 23:10:43.582177
233	40	86	Video	\N	\N	tags	2013-06-05 23:10:43.587056
234	61	86	Video	\N	\N	tags	2013-06-05 23:10:43.591142
235	64	86	Video	\N	\N	tags	2013-06-05 23:10:43.612
236	38	87	Video	\N	\N	tags	2013-06-05 23:12:59.911553
237	61	87	Video	\N	\N	tags	2013-06-05 23:12:59.932046
238	64	87	Video	\N	\N	tags	2013-06-05 23:12:59.952453
239	65	87	Video	\N	\N	tags	2013-06-05 23:12:59.95905
240	61	88	Video	\N	\N	tags	2013-06-05 23:14:59.493892
241	64	88	Video	\N	\N	tags	2013-06-05 23:14:59.522394
242	61	89	Video	\N	\N	tags	2013-06-05 23:17:35.420679
243	64	89	Video	\N	\N	tags	2013-06-05 23:17:35.439408
244	66	89	Video	\N	\N	tags	2013-06-05 23:17:35.449293
245	61	90	Video	\N	\N	tags	2013-06-05 23:18:34.384423
246	66	90	Video	\N	\N	tags	2013-06-05 23:18:34.391267
247	67	90	Video	\N	\N	tags	2013-06-05 23:18:34.422493
248	61	91	Video	\N	\N	tags	2013-06-05 23:19:14.017116
249	66	91	Video	\N	\N	tags	2013-06-05 23:19:14.021471
250	67	91	Video	\N	\N	tags	2013-06-05 23:19:14.025032
251	19	92	Video	\N	\N	tags	2013-06-05 23:26:14.050763
252	61	92	Video	\N	\N	tags	2013-06-05 23:26:14.05447
253	19	93	Video	\N	\N	tags	2013-06-05 23:26:53.960997
254	61	93	Video	\N	\N	tags	2013-06-05 23:26:53.97265
255	19	94	Video	\N	\N	tags	2013-06-05 23:28:18.258266
256	61	94	Video	\N	\N	tags	2013-06-05 23:28:18.28849
257	68	94	Video	\N	\N	tags	2013-06-05 23:28:18.313368
258	32	95	Video	\N	\N	tags	2013-06-05 23:30:00.377709
259	39	95	Video	\N	\N	tags	2013-06-05 23:30:00.401321
260	61	95	Video	\N	\N	tags	2013-06-05 23:30:00.406843
261	69	95	Video	\N	\N	tags	2013-06-05 23:30:00.411516
262	61	96	Video	\N	\N	tags	2013-06-05 23:30:54.505038
263	69	96	Video	\N	\N	tags	2013-06-05 23:30:54.557789
264	61	97	Video	\N	\N	tags	2013-06-05 23:31:54.074161
265	69	97	Video	\N	\N	tags	2013-06-05 23:31:54.080016
266	61	98	Video	\N	\N	tags	2013-06-05 23:33:06.089842
267	69	98	Video	\N	\N	tags	2013-06-05 23:33:06.098403
268	61	99	Video	\N	\N	tags	2013-06-05 23:34:45.859652
269	69	99	Video	\N	\N	tags	2013-06-05 23:34:45.87191
270	60	100	Video	\N	\N	tags	2013-06-05 23:35:55.044593
271	61	100	Video	\N	\N	tags	2013-06-05 23:35:55.048754
272	70	100	Video	\N	\N	tags	2013-06-05 23:35:55.057063
273	61	101	Video	\N	\N	tags	2013-06-05 23:37:52.290287
274	70	101	Video	\N	\N	tags	2013-06-05 23:37:52.294526
275	71	101	Video	\N	\N	tags	2013-06-05 23:37:52.298364
276	29	102	Video	\N	\N	tags	2013-06-05 23:39:00.103783
277	61	102	Video	\N	\N	tags	2013-06-05 23:39:00.142477
278	70	102	Video	\N	\N	tags	2013-06-05 23:39:00.162325
279	72	102	Video	\N	\N	tags	2013-06-05 23:39:00.186479
280	61	103	Video	\N	\N	tags	2013-06-05 23:40:08.739323
281	70	103	Video	\N	\N	tags	2013-06-05 23:40:08.797035
282	72	103	Video	\N	\N	tags	2013-06-05 23:40:08.823463
283	61	104	Video	\N	\N	tags	2013-06-05 23:41:14.901336
284	70	104	Video	\N	\N	tags	2013-06-05 23:41:14.921031
285	73	104	Video	\N	\N	tags	2013-06-05 23:41:14.934181
286	32	105	Video	\N	\N	tags	2013-06-05 23:42:18.621343
287	61	105	Video	\N	\N	tags	2013-06-05 23:42:18.630276
288	74	105	Video	\N	\N	tags	2013-06-05 23:42:18.680003
289	75	105	Video	\N	\N	tags	2013-06-05 23:42:18.686549
290	61	106	Video	\N	\N	tags	2013-06-05 23:43:15.699132
291	74	106	Video	\N	\N	tags	2013-06-05 23:43:15.760018
292	76	106	Video	\N	\N	tags	2013-06-05 23:43:15.768012
293	77	106	Video	\N	\N	tags	2013-06-05 23:43:15.818533
294	74	107	Video	\N	\N	tags	2013-06-05 23:44:04.70842
295	76	107	Video	\N	\N	tags	2013-06-05 23:44:04.737107
296	74	108	Video	\N	\N	tags	2013-06-05 23:45:12.342071
297	76	108	Video	\N	\N	tags	2013-06-05 23:45:12.361009
298	61	109	Video	\N	\N	tags	2013-06-05 23:46:05.657326
299	74	109	Video	\N	\N	tags	2013-06-05 23:46:05.669574
300	76	109	Video	\N	\N	tags	2013-06-05 23:46:05.678083
301	78	110	Video	\N	\N	tags	2013-06-06 16:10:59.804412
302	79	110	Video	\N	\N	tags	2013-06-06 16:10:59.887416
303	80	110	Video	\N	\N	tags	2013-06-06 16:10:59.949974
304	81	110	Video	\N	\N	tags	2013-06-06 16:10:59.969594
305	14	111	Video	\N	\N	tags	2013-06-06 16:11:59.124678
306	78	111	Video	\N	\N	tags	2013-06-06 16:11:59.146511
307	79	111	Video	\N	\N	tags	2013-06-06 16:11:59.334733
308	82	111	Video	\N	\N	tags	2013-06-06 16:11:59.381665
309	29	112	Video	\N	\N	tags	2013-06-06 17:02:02.818883
310	71	112	Video	\N	\N	tags	2013-06-06 17:02:02.83239
311	78	112	Video	\N	\N	tags	2013-06-06 17:02:02.842542
312	79	112	Video	\N	\N	tags	2013-06-06 17:02:02.858777
313	83	112	Video	\N	\N	tags	2013-06-06 17:02:02.876811
314	29	113	Video	\N	\N	tags	2013-06-06 17:04:50.417966
315	78	113	Video	\N	\N	tags	2013-06-06 17:04:50.427012
316	83	113	Video	\N	\N	tags	2013-06-06 17:04:50.433453
317	84	113	Video	\N	\N	tags	2013-06-06 17:04:50.43988
318	83	114	Video	\N	\N	tags	2013-06-06 17:14:43.926888
319	85	114	Video	\N	\N	tags	2013-06-06 17:14:43.941323
320	29	115	Video	\N	\N	tags	2013-06-06 17:15:44.488445
321	86	115	Video	\N	\N	tags	2013-06-06 17:15:44.494746
322	10	116	Video	\N	\N	tags	2013-06-06 17:16:51.052404
323	68	116	Video	\N	\N	tags	2013-06-06 17:16:51.059069
324	87	116	Video	\N	\N	tags	2013-06-06 17:16:51.066262
325	53	117	Video	\N	\N	tags	2013-06-06 17:18:16.081511
326	88	117	Video	\N	\N	tags	2013-06-06 17:18:16.08966
327	89	117	Video	\N	\N	tags	2013-06-06 17:18:16.100511
328	71	118	Video	\N	\N	tags	2013-06-06 17:19:14.944585
329	78	118	Video	\N	\N	tags	2013-06-06 17:19:14.95269
330	79	118	Video	\N	\N	tags	2013-06-06 17:19:14.959535
331	90	118	Video	\N	\N	tags	2013-06-06 17:19:14.966183
332	79	119	Video	\N	\N	tags	2013-06-06 17:20:06.009441
333	91	119	Video	\N	\N	tags	2013-06-06 17:20:06.017153
334	29	120	Video	\N	\N	tags	2013-06-06 17:21:13.302849
335	79	120	Video	\N	\N	tags	2013-06-06 17:21:13.309256
336	83	120	Video	\N	\N	tags	2013-06-06 17:21:13.315108
337	92	120	Video	\N	\N	tags	2013-06-06 17:21:13.321516
338	32	121	Video	\N	\N	tags	2013-06-06 17:22:07.023794
339	78	121	Video	\N	\N	tags	2013-06-06 17:22:07.031334
340	79	121	Video	\N	\N	tags	2013-06-06 17:22:07.039532
341	93	121	Video	\N	\N	tags	2013-06-06 17:22:07.055879
342	94	121	Video	\N	\N	tags	2013-06-06 17:22:07.074577
343	17	122	Video	\N	\N	tags	2013-06-06 17:23:18.562179
344	32	122	Video	\N	\N	tags	2013-06-06 17:23:18.571321
345	95	122	Video	\N	\N	tags	2013-06-06 17:23:18.578828
346	96	122	Video	\N	\N	tags	2013-06-06 17:23:18.586415
347	32	123	Video	\N	\N	tags	2013-06-06 17:24:41.314987
348	79	123	Video	\N	\N	tags	2013-06-06 17:24:41.321516
349	97	123	Video	\N	\N	tags	2013-06-06 17:24:41.32737
350	98	123	Video	\N	\N	tags	2013-06-06 17:24:41.33497
351	32	124	Video	\N	\N	tags	2013-06-06 17:26:04.178017
352	38	124	Video	\N	\N	tags	2013-06-06 17:26:04.216642
353	97	124	Video	\N	\N	tags	2013-06-06 17:26:04.224068
354	32	126	Video	\N	\N	tags	2013-06-06 17:29:01.919047
355	78	126	Video	\N	\N	tags	2013-06-06 17:29:01.933841
356	93	126	Video	\N	\N	tags	2013-06-06 17:29:01.951531
357	99	126	Video	\N	\N	tags	2013-06-06 17:29:01.958829
358	18	127	Video	\N	\N	tags	2013-06-06 17:30:02.098306
359	89	127	Video	\N	\N	tags	2013-06-06 17:30:02.110007
360	93	127	Video	\N	\N	tags	2013-06-06 17:30:02.131285
361	32	128	Video	\N	\N	tags	2013-06-06 17:31:24.276541
362	83	128	Video	\N	\N	tags	2013-06-06 17:31:24.287947
363	100	128	Video	\N	\N	tags	2013-06-06 17:31:24.296355
364	101	128	Video	\N	\N	tags	2013-06-06 17:31:24.30336
365	102	128	Video	\N	\N	tags	2013-06-06 17:31:24.311166
366	32	129	Video	\N	\N	tags	2013-06-06 17:33:41.871471
367	100	129	Video	\N	\N	tags	2013-06-06 17:33:41.878386
368	102	129	Video	\N	\N	tags	2013-06-06 17:33:41.895569
369	103	129	Video	\N	\N	tags	2013-06-06 17:33:41.903417
370	68	130	Video	\N	\N	tags	2013-06-06 17:34:45.48365
371	104	130	Video	\N	\N	tags	2013-06-06 17:34:45.497768
372	9	131	Video	\N	\N	tags	2013-06-06 17:35:29.469405
373	16	131	Video	\N	\N	tags	2013-06-06 17:35:29.479447
374	17	131	Video	\N	\N	tags	2013-06-06 17:35:29.487939
375	105	131	Video	\N	\N	tags	2013-06-06 17:35:29.496796
376	29	132	Video	\N	\N	tags	2013-06-06 17:36:17.522119
377	83	132	Video	\N	\N	tags	2013-06-06 17:36:17.531759
378	106	132	Video	\N	\N	tags	2013-06-06 17:36:17.539605
379	107	133	Video	\N	\N	tags	2013-06-06 17:37:12.239477
380	107	134	Video	\N	\N	tags	2013-06-06 17:37:46.191367
381	107	136	Video	\N	\N	tags	2013-06-06 17:38:47.43036
382	29	137	Video	\N	\N	tags	2013-06-06 17:41:04.746609
383	107	137	Video	\N	\N	tags	2013-06-06 17:41:04.755555
384	29	138	Video	\N	\N	tags	2013-06-06 17:41:58.341398
385	107	138	Video	\N	\N	tags	2013-06-06 17:41:58.349165
386	29	139	Video	\N	\N	tags	2013-06-06 17:44:13.67735
387	83	139	Video	\N	\N	tags	2013-06-06 17:44:13.685248
388	107	139	Video	\N	\N	tags	2013-06-06 17:44:13.692812
389	29	140	Video	\N	\N	tags	2013-06-06 17:45:25.86652
390	107	140	Video	\N	\N	tags	2013-06-06 17:45:25.875073
391	108	140	Video	\N	\N	tags	2013-06-06 17:45:25.882545
392	68	141	Video	\N	\N	tags	2013-06-06 17:46:23.631145
393	107	141	Video	\N	\N	tags	2013-06-06 17:46:23.669415
394	109	141	Video	\N	\N	tags	2013-06-06 17:46:23.728121
395	68	142	Video	\N	\N	tags	2013-06-06 17:47:11.183024
396	107	142	Video	\N	\N	tags	2013-06-06 17:47:11.197822
397	110	142	Video	\N	\N	tags	2013-06-06 17:47:11.206919
398	68	143	Video	\N	\N	tags	2013-06-06 17:48:06.435159
399	107	143	Video	\N	\N	tags	2013-06-06 17:48:06.444568
400	111	143	Video	\N	\N	tags	2013-06-06 17:48:06.459471
401	68	144	Video	\N	\N	tags	2013-06-06 17:48:43.91819
402	107	144	Video	\N	\N	tags	2013-06-06 17:48:43.931144
403	111	144	Video	\N	\N	tags	2013-06-06 17:48:43.94403
404	68	145	Video	\N	\N	tags	2013-06-06 17:49:27.131759
405	107	145	Video	\N	\N	tags	2013-06-06 17:49:27.140094
406	112	145	Video	\N	\N	tags	2013-06-06 17:49:27.14798
407	68	146	Video	\N	\N	tags	2013-06-06 17:50:13.52065
408	107	146	Video	\N	\N	tags	2013-06-06 17:50:13.54501
409	112	146	Video	\N	\N	tags	2013-06-06 17:50:13.569981
410	68	147	Video	\N	\N	tags	2013-06-06 17:50:45.173473
411	71	147	Video	\N	\N	tags	2013-06-06 17:50:45.181927
412	29	148	Video	\N	\N	tags	2013-06-06 17:57:24.974648
413	113	148	Video	\N	\N	tags	2013-06-06 17:57:24.988725
414	83	149	Video	\N	\N	tags	2013-06-06 17:58:40.24715
415	114	149	Video	\N	\N	tags	2013-06-06 17:58:40.25661
416	83	150	Video	\N	\N	tags	2013-06-06 17:59:36.117634
417	115	150	Video	\N	\N	tags	2013-06-06 17:59:36.125071
418	83	151	Video	\N	\N	tags	2013-06-06 18:00:21.567119
419	116	151	Video	\N	\N	tags	2013-06-06 18:00:21.589042
420	83	152	Video	\N	\N	tags	2013-06-06 18:01:14.59518
421	117	152	Video	\N	\N	tags	2013-06-06 18:01:14.636538
422	83	153	Video	\N	\N	tags	2013-06-06 18:02:43.230841
423	114	153	Video	\N	\N	tags	2013-06-06 18:02:43.241854
424	115	153	Video	\N	\N	tags	2013-06-06 18:02:43.252662
425	83	154	Video	\N	\N	tags	2013-06-06 18:04:28.117933
426	118	154	Video	\N	\N	tags	2013-06-06 18:04:28.127055
427	119	154	Video	\N	\N	tags	2013-06-06 18:04:28.138134
428	120	155	Video	\N	\N	tags	2013-07-14 14:26:57.949388
429	17	155	Video	\N	\N	tags	2013-07-14 14:26:57.956988
430	121	156	Video	\N	\N	tags	2013-07-14 14:28:04.619306
431	122	156	Video	\N	\N	tags	2013-07-14 14:28:04.624771
432	123	157	Video	\N	\N	tags	2013-07-14 14:29:07.821959
433	122	157	Video	\N	\N	tags	2013-07-14 14:29:07.826743
434	121	157	Video	\N	\N	tags	2013-07-14 14:29:07.83085
435	121	158	Video	\N	\N	tags	2013-07-14 14:30:31.298675
436	122	159	Video	\N	\N	tags	2013-07-14 14:31:49.883739
437	121	159	Video	\N	\N	tags	2013-07-14 14:31:49.888036
438	32	159	Video	\N	\N	tags	2013-07-14 14:31:49.892292
439	94	159	Video	\N	\N	tags	2013-07-14 14:31:49.896758
440	43	159	Video	\N	\N	tags	2013-07-14 14:31:49.907081
441	122	160	Video	\N	\N	tags	2013-07-14 14:32:43.247707
442	32	160	Video	\N	\N	tags	2013-07-14 14:32:43.251613
443	94	160	Video	\N	\N	tags	2013-07-14 14:32:43.255311
444	43	160	Video	\N	\N	tags	2013-07-14 14:32:43.258931
445	122	161	Video	\N	\N	tags	2013-07-14 14:33:35.478234
446	121	161	Video	\N	\N	tags	2013-07-14 14:33:35.482908
447	124	162	Video	\N	\N	tags	2013-07-14 14:34:44.392893
448	9	162	Video	\N	\N	tags	2013-07-14 14:34:44.397056
449	16	162	Video	\N	\N	tags	2013-07-14 14:34:44.400768
450	17	162	Video	\N	\N	tags	2013-07-14 14:34:44.40515
451	125	163	Video	\N	\N	tags	2013-07-14 14:35:39.663305
452	7	163	Video	\N	\N	tags	2013-07-14 14:35:39.667994
453	126	164	Video	\N	\N	tags	2013-07-14 14:37:01.627134
454	10	164	Video	\N	\N	tags	2013-07-14 14:37:01.631042
455	127	164	Video	\N	\N	tags	2013-07-14 14:37:01.640766
456	9	164	Video	\N	\N	tags	2013-07-14 14:37:01.645983
457	16	164	Video	\N	\N	tags	2013-07-14 14:37:01.649715
458	128	165	Video	\N	\N	tags	2013-07-14 14:38:41.083533
459	129	165	Video	\N	\N	tags	2013-07-14 14:38:41.087601
460	130	166	Video	\N	\N	tags	2013-07-14 14:42:07.174557
461	29	166	Video	\N	\N	tags	2013-07-14 14:42:07.180629
462	68	166	Video	\N	\N	tags	2013-07-14 14:42:07.184901
463	131	167	Video	\N	\N	tags	2013-07-14 14:43:58.318114
464	5	167	Video	\N	\N	tags	2013-07-14 14:43:58.323315
465	132	167	Video	\N	\N	tags	2013-07-14 14:43:58.327502
466	133	167	Video	\N	\N	tags	2013-07-14 14:43:58.33204
467	10	167	Video	\N	\N	tags	2013-07-14 14:43:58.335865
468	134	168	Video	\N	\N	tags	2013-07-14 14:45:50.630437
469	135	168	Video	\N	\N	tags	2013-07-14 14:45:50.634075
470	61	168	Video	\N	\N	tags	2013-07-14 14:45:50.637523
476	7	178	Video	\N	\N	tags	2013-07-23 17:21:25.038731
477	136	182	Video	\N	\N	tags	2013-07-23 17:42:51.088201
\.


--
-- Name: taggings_id_seq; Type: SEQUENCE SET; Schema: public; Owner: balabanpetr
--

SELECT pg_catalog.setval('taggings_id_seq', 483, true);


--
-- Data for Name: tags; Type: TABLE DATA; Schema: public; Owner: balabanpetr
--

COPY tags (id, name, updated_at) FROM stdin;
1	hammerlock	\N
2	sexy	\N
3	demo	\N
4	mixed martial arts	\N
5	mma	\N
6	ufc	\N
7	karate	\N
8	ninjutsu	\N
9	vs	\N
10	wrestling	\N
11	block	\N
12	tornado kick	\N
13	boxing	\N
14	uppercut	\N
15	ko	\N
16	match	\N
17	fight	\N
18	training	\N
19	piguaquan	\N
20	pigua quan	\N
21	subak	\N
22	silat	\N
23	kinomichi	\N
24	kickboxing	\N
25	high kick	\N
26	hook	\N
27	defendo	\N
28	selfdefense	\N
29	defense	\N
30	drills	\N
31	punch	\N
32	weapons	\N
33	baton	\N
34	self_defense	\N
35	choreography	\N
36	kicks	\N
37	battojutsu	\N
38	sparring	\N
39	spear	\N
40	sword	\N
41	buckler	\N
42	flail	\N
43	shield	\N
44	broadsword	\N
45	saber	\N
46	striking combos	\N
47	judo	\N
48	throw techniques	\N
49	jujutsu	\N
50	luta livre	\N
51	capoeira	\N
52	push ups	\N
53	exercise	\N
54	pancrase	\N
55	kbach kun boraan	\N
56	kbach kun dambong-veng	\N
57	kick boxing	\N
58	muay thai	\N
59	fanzi quan	\N
60	forms	\N
61	kung fu	\N
62	hung fut	\N
63	hung gar	\N
64	mizongyi	\N
65	taichichuan	\N
66	shaolin	\N
67	mizong quan	\N
68	attack	\N
69	chen-style t'ai chi ch'uan	\N
70	yang-style t'ai chi ch'uan	\N
71	techniques	\N
72	taiji	\N
73	chin na	\N
74	wu hao-style tai chi chuan	\N
75	long pole	\N
76	tai chi	\N
77	striking	\N
78	close quarters combat	\N
79	cqc	\N
80	elbow strike	\N
81	strikes	\N
82	strike	\N
83	self defense	\N
84	choke holds	\N
85	sleeper hold	\N
86	falling	\N
87	pile driver	\N
88	warm up	\N
89	workout	\N
90	street fight	\N
91	close quarter combat	\N
92	close quarter combative	\N
93	military	\N
94	stick	\N
95	knife	\N
96	army	\N
97	shock knife	\N
98	taser knife	\N
99	police	\N
100	gun	\N
101	handgun	\N
102	disarm technique	\N
103	hand gun	\N
104	knock out	\N
105	knockout	\N
106	technique	\N
107	pressure points	\N
108	hands	\N
109	torso	\N
110	arms	\N
111	face	\N
112	legs	\N
113	wrist locks	\N
114	wrist grab	\N
115	choke hold	\N
116	submissions	\N
117	hair grab	\N
118	weapon disarming	\N
119	disarm	\N
120	bajan stick	\N
121	nguni stick fighting	\N
122	zulu stick fighting	\N
123	kali	\N
124	chun kuk do	\N
125	bok fu do	\N
126	collegiate wrestling	\N
127	freestyle wrestling	\N
128	danzan ryu	\N
129	jujitsu	\N
130	kajukenbo	\N
131	triangle choke	\N
132	ground technique	\N
133	choke	\N
134	duan quan	\N
135	chang quan	\N
136	kunfu	\N
137	kaka	2013-07-23 18:33:18.061343
138	ka	2013-07-23 18:33:18.067341
139	kinigate	2013-07-23 18:36:22.764439
140	pipiska	2013-07-23 18:36:22.767141
141	tatarbox	2013-07-24 14:47:02.870948
\.


--
-- Name: tags_id_seq; Type: SEQUENCE SET; Schema: public; Owner: balabanpetr
--

SELECT pg_catalog.setval('tags_id_seq', 141, true);


--
-- Data for Name: users; Type: TABLE DATA; Schema: public; Owner: balabanpetr
--

COPY users (id, username, image, email, created_at, updated_at, encrypted_password, reset_password_token, reset_password_sent_at, remember_created_at, sign_in_count, current_sign_in_at, last_sign_in_at, current_sign_in_ip, last_sign_in_ip, confirmation_token, confirmed_at, confirmation_sent_at, unconfirmed_email, provider, uid, facebookimage, membership, address, city, zip, state, latitude, longitude, country) FROM stdin;
14	cisker2	\N	cviskers@yahoo.com	2013-07-14 14:24:13.838825	2013-07-14 14:24:55.308059	$2a$10$UAA1GebEprZA7poeFD5z..hdtBucvitiNa7ec70lm/LuWvKL04e/e	\N	\N	\N	2	2013-07-14 14:24:55.305886	2013-07-14 14:24:31.797145	74.73.187.55	74.73.187.55	\N	2013-07-14 14:24:31.786347	2013-07-14 14:24:13.83231	\N	\N	\N	\N	Student					\N	\N	\N
1	rebel	76006_454064262451_5923540_n.jpg	rebellabs@gmail.com	2013-04-04 07:19:40.462982	2013-04-16 14:33:51.622066	$2a$10$Gut9o5lDOmWyRQg1nfSo2uq5NRcRUMW2CvFJ2QMfR/K1cphnKXzx2	\N	\N	\N	2	2013-04-14 23:07:29.045618	2013-04-04 07:20:58.139573	68.36.245.60	68.36.245.60	\N	2013-04-04 07:20:58.127834	2013-04-04 07:19:40.46248	\N	\N	\N	\N	Teacher	299 Highland Avenue, Kearny, NJ 07032, USA	kearny	07032	NJ	40.7632793999999876	-74.1524689000000023	\N
9	tog88	tog88.jpg	wtoreg@yahoo.com	2013-06-02 23:15:29.74774	2013-06-05 16:06:00.434371	$2a$10$mu9Ceow/IBTrWLeLOPVAAeCyRxfmd5HG65MVE6zYXL6ope6YjRfiS	\N	\N	\N	3	2013-06-05 16:06:00.421701	2013-06-02 23:16:48.6933	67.244.11.36	67.244.11.36	\N	2013-06-02 23:16:30.132796	2013-06-02 23:15:29.740202	\N	\N	\N	\N	Teacher					\N	\N	\N
3	fightzzz	\N	fightzzz@yahoo.com	2013-04-22 13:09:28.195712	2013-04-22 13:09:28.195712	$2a$10$IEzwjNdAxUv7sO.OkC2eg.QvDtpwES4yhcPrngvznHC1uVAxnrNb2	\N	\N	\N	0	\N	\N	\N	\N	a9Vq7CBCm8TCzEdtrvNG	\N	2013-04-22 13:09:28.188628	\N	\N	\N	\N	Student					\N	\N	\N
4	kingjames	\N	kingjames@consultant.com	2013-04-22 13:23:55.395673	2013-04-22 13:27:09.573903	$2a$10$zv5.HRJ9lhh2VhVIzpNYleAnXoDRuO8Txw86FEX5V45HdKYzIgiCG	\N	\N	\N	2	2013-04-22 13:27:09.570421	2013-04-22 13:26:00.227336	67.244.11.36	67.244.11.36	\N	2013-04-22 13:26:00.215403	2013-04-22 13:23:55.395292	\N	\N	\N	\N	Teacher					\N	\N	\N
2	lroyzengurt	76006_454064262451_5923540_n.jpg	l.royzen6@gmail.com	2013-04-16 14:36:00.149137	2013-04-22 21:31:57.002535	$2a$10$YldnkZYhf6Yqa6wB2GBY2.JVk5HMuU4usyVU4AExZ5wOYHs3Fbxum	\N	\N	\N	2	2013-04-16 14:36:35.204842	2013-04-16 14:36:20.283068	68.36.245.60	68.36.245.60	\N	2013-04-16 14:36:20.274677	2013-04-16 14:36:00.147905	\N	facebook	659783784	\N	Teacher					\N	\N	\N
10	turman01	\N	dturman75@yahoo.com	2013-06-05 21:06:28.297152	2013-06-05 21:07:44.110756	$2a$10$PdQdh9/xSnKmhB/DUFW8z.6pKf95Hz4kQWERNyqQBqVsShmZFEHNi	\N	\N	\N	2	2013-06-05 21:07:44.108326	2013-06-05 21:07:25.664061	67.244.11.36	67.244.11.36	\N	2013-06-05 21:07:25.643271	2013-06-05 21:06:28.288982	\N	\N	\N	\N	Teacher					\N	\N	\N
5	johnweis	\N	john1weis@mail.com	2013-04-25 18:24:38.139521	2013-04-25 18:26:13.389937	$2a$10$ubi9ljizFLYi760DtTY/GOWWPGj32uUQMHzWjjAsYbgJ811x8lZCu	\N	\N	\N	2	2013-04-25 18:26:13.381903	2013-04-25 18:25:41.233817	67.244.11.36	67.244.11.36	\N	2013-04-25 18:25:41.205944	2013-04-25 18:24:38.132234	\N	\N	\N	\N	Teacher					\N	\N	\N
6	morm88	morm88.jpg	morman@mail.com	2013-05-10 14:47:33.217629	2013-05-10 14:49:45.657035	$2a$10$nUuVnOmqxFKbURoY1W7CReXtdlcCzIvtMArnxU.59SDnwu3ZUD2ha	\N	\N	\N	2	2013-05-10 14:49:45.654335	2013-05-10 14:49:19.051781	67.244.11.36	67.244.11.36	\N	2013-05-10 14:49:19.03851	2013-05-10 14:47:33.217166	\N	\N	\N	\N	Teacher					\N	\N	\N
7	memser	\N	mesmer@uymail.com	2013-05-31 20:03:39.326026	2013-05-31 20:03:39.326026	$2a$10$Jfwq4T9X6DgW8fzzLmF7EuaIgsXfVMXwomOHAnzc7AcWZkau5aj/y	\N	\N	\N	0	\N	\N	\N	\N	t2AZ1Yvg855jqbr9PZS8	\N	2013-05-31 20:03:39.319239	\N	\N	\N	\N	Teacher					\N	\N	\N
8	mike123	\N	michaelming24@yahoo.com	2013-05-31 20:07:47.401539	2013-05-31 20:13:43.081245	$2a$10$IIFDYnk9uooU87NQvTcxV.zBHHtknlvGYK7jo3xGEhv7eZSIhPE2e	\N	\N	\N	2	2013-05-31 20:13:43.076225	2013-05-31 20:13:24.130744	67.244.11.36	67.244.11.36	\N	2013-05-31 20:13:24.118088	2013-05-31 20:07:47.401066	\N	\N	\N	\N	Teacher					\N	\N	\N
11	rik73	rik73.jpg	oliverrichard79@yahoo.com	2013-06-06 16:08:28.950273	2013-06-06 16:47:51.301992	$2a$10$P5o.d5qtXjH3LwWZo1D61O.X/bfVhovTjjLFAZPP3t/y6sOTJhnHK	\N	\N	\N	3	2013-06-06 16:47:51.296746	2013-06-06 16:09:12.906315	67.244.11.36	67.244.11.36	\N	2013-06-06 16:08:52.099553	2013-06-06 16:08:28.943495	\N	\N	\N	\N	Student					\N	\N	\N
12	eltanin85	\N	eltanin85@gmail.com	2013-07-01 15:45:17.400284	2013-07-01 15:45:40.394363	$2a$10$hArsA5L1fTltH6JbzVFopePNC2KYpJPpNf.3lyYtcJbMKkENpkAJa	\N	\N	\N	1	2013-07-01 15:45:40.391324	2013-07-01 15:45:40.391324	49.203.78.162	49.203.78.162	\N	2013-07-01 15:45:40.366537	2013-07-01 15:45:17.398841	\N	\N	\N	\N	Teacher	Club 09 Road, EON Free Zone, Kharadi, Pune, Maharashtra 411014, India	pune	411014	maharastra	18.5519105999999994	73.9447993999999937	\N
13	volodymyr.null	\N	schamane.vzl@gmail.com	2013-07-01 18:53:52.586273	2013-07-01 18:56:30.680597	$2a$10$vQgzSuyZ0zmi8gOEeA0jD.h7mV.DefCrbg0ydQ1jQ2PgfCAXuCOgG	\N	\N	\N	1	2013-07-01 18:56:30.660929	2013-07-01 18:56:30.660929	178.136.242.28	178.136.242.28	\N	2013-07-01 18:56:30.595639	2013-07-01 18:53:52.585633	\N	facebook	100002588237576	\N	Student					\N	\N	\N
15	j874	\N	jchristopher423@gmail.com	2013-07-15 21:27:52.417022	2013-07-15 21:28:29.815241	$2a$10$bRm8gbQVZy79lfg86Pnev.GBHmbRFADCOCI0OMH0Zymy7KCcolOcG	\N	\N	2013-07-15 21:28:29.801854	2	2013-07-15 21:28:29.812479	2013-07-15 21:28:08.567004	74.73.187.55	74.73.187.55	\N	2013-07-15 21:28:08.554712	2013-07-15 21:27:52.410407	\N	\N	\N	\N	Teacher					\N	\N	\N
16	lesyk	\N	lesyk.victor@gmail.com	2013-07-16 15:00:00.191639	2013-07-16 15:00:22.808707	$2a$10$yS3Wiqjgn7XtQGDbJwERvuq6e8ECohm43WYxZ/RK9T259myPZGrwG	\N	\N	\N	1	2013-07-16 15:00:22.80238	2013-07-16 15:00:22.80238	46.200.237.124	46.200.237.124	\N	2013-07-16 15:00:22.784053	2013-07-16 15:00:00.184871	\N	\N	\N	\N	Teacher					\N	\N	\N
18	Andrew2	\N	yas.inishyn.a.n@gmail.com	2013-08-01 11:39:55.205558	2013-08-01 11:39:55.205558	$2a$10$NDza82J4hsLBzVoiT8VUMuMaSR1NAF2u2FjT4CiM5aOR6y/m12J3m	\N	\N	\N	0	\N	\N	\N	\N	nsDMbu6Q2442z7ZqjmgN	\N	2013-08-01 11:39:55.176074	\N	\N	\N	\N	Teacher	qwer	qwer	1234	qwer	\N	\N	\N
17	Andrew	\N	yasinishyn.a.n@gmail.com	2013-07-23 15:27:51.713711	2013-08-27 13:12:01.7645	$2a$10$lX7dHHoaO5RnbrHia/0bl.ZT4ZvsOVnAwRgzn5MalFPxTSgDGdzr6	VUFybQypFCsC3y4xxs1V	2013-08-24 14:18:34.279537	\N	25	2013-08-27 13:12:01.762459	2013-08-26 16:01:38.996804	127.0.0.1	127.0.0.1	\N	2013-07-23 15:28:23.296072	2013-07-23 15:27:51.70998	\N	\N	\N	\N	Teacher	Naukova 34/139	Lviv	10070	Frankivskiy	\N	\N	United States
30	Андрій_Ясинишин	\N	yas.inis.h.yn.a.n@gmail.com	2013-08-27 15:16:06.163079	2013-08-27 15:16:17.152836		\N	\N	\N	1	2013-08-27 15:16:17.15136	2013-08-27 15:16:17.15136	127.0.0.1	127.0.0.1	\N	2013-08-27 15:16:17.144875	2013-08-27 15:16:06.162071	\N	youtube	http://gdata.youtube.com/feeds/api/users/YqyBWrqOnvGEmWBsKVyy9A	\N	Teacher					\N	\N	Antarctica
31	qwerqwer	\N	ya.s.inishyn.a.n@gmail.com	2013-09-13 22:27:45.784328	2013-09-13 22:27:57.059248	$2a$10$dsWKmFSa9nrkZGXs7BRrfOj9xJhurVrOj.wZ2zb.y5aRhs3SNaKU2	\N	\N	\N	1	2013-09-13 22:27:57.057814	2013-09-13 22:27:57.057814	127.0.0.1	127.0.0.1	\N	2013-09-13 22:27:57.048273	2013-09-13 22:27:45.781105	\N	\N	\N	\N	Teacher					\N	\N	Australia
\.


--
-- Name: users_id_seq; Type: SEQUENCE SET; Schema: public; Owner: balabanpetr
--

SELECT pg_catalog.setval('users_id_seq', 31, true);


--
-- Data for Name: videos; Type: TABLE DATA; Schema: public; Owner: balabanpetr
--

COPY videos (id, title, video_link, created_at, updated_at, yt_video_id, description, user_id, tags, category, views, file, attachment, zencoder_output_id, processed) FROM stdin;
1	hammerlock demo	http://www.youtube.com/watch?v=nlAnjhA4yuY	2013-04-04 07:22:08.065332	2013-04-04 07:22:08.065332	\N	\N	1	\N	Demo	\N	\N	\N	\N	\N
2	Anderson Silva vs Patrick Cote UFC 90 Fight 	http://www.youtube.com/watch?v=qyuaZekklJ8&feature=related	2013-04-22 13:28:50.570587	2013-04-22 13:28:50.570587	\N	\N	4	\N	Demo	\N	\N	\N	\N	\N
3	Greatest Knockout ever! 	http://www.youtube.com/watch?v=c5bdV_MU6Ek&feature=related	2013-04-22 13:37:53.51045	2013-04-22 13:37:53.51045	\N	\N	4	\N	Demo	\N	\N	\N	\N	\N
4	The greatest Top Ten Knockouts of 2011	http://www.youtube.com/watch?v=KFJmCvp_DJo&feature=relmfu	2013-04-22 13:57:59.708228	2013-04-22 13:57:59.708228	\N	\N	4	\N	Demo	\N	\N	\N	\N	\N
5	Kimbo Slice James MMA Fight May 31 2008	http://www.youtube.com/watch?v=1EE_Rdu4juk&feature=related	2013-04-22 14:01:30.54795	2013-04-22 14:01:30.54795	\N	\N	4	\N	Demo	\N	\N	\N	\N	\N
6	UFS Underground Fights Series MMA Dozer Vs Lee	http://www.youtube.com/watch?v=4xENRHFzKbs	2013-04-22 14:19:26.083137	2013-04-22 14:19:26.083137	\N	\N	4	\N	Demo	\N	\N	\N	\N	\N
7	Super Spin Kick KO	http://www.youtube.com/watch?v=D7EOKMMurdo&feature=related	2013-04-22 14:21:41.942928	2013-04-22 14:21:41.942928	\N	\N	4	\N	Demo	\N	\N	\N	\N	\N
8	tornado kick knock out 	http://www.youtube.com/watch?v=BKdj-lgDIDU&feature=related	2013-04-25 18:27:06.42477	2013-04-25 18:27:06.42477	\N	\N	5	\N	Demo	\N	\N	\N	\N	\N
9	ninjutsu vs wrestling	http://www.youtube.com/watch?v=DRo5uMWxTdY&feature=related	2013-04-25 18:28:27.991148	2013-04-25 18:28:27.991148	\N	\N	5	\N	Demo	\N	\N	\N	\N	\N
10	basic blocks of karate	http://www.youtube.com/watch?v=y4AqvzNplvg&feature=related	2013-04-25 18:30:09.373048	2013-04-25 18:30:09.373048	\N	\N	5	\N	How-To	\N	\N	\N	\N	\N
11	Mauricio ''Shogun'' Rua - Tornado Kick 	http://www.youtube.com/watch?v=1VV6b38668A&feature=related	2013-04-25 18:31:25.836456	2013-04-25 18:31:25.836456	\N	\N	5	\N	Demo	\N	\N	\N	\N	\N
12	MOST BRUTAL UPPERCUT EVER	http://www.youtube.com/watch?v=035efQMtvsA&feature=related	2013-04-25 18:32:40.359475	2013-04-25 18:32:40.359475	\N	\N	5	\N	Demo	\N	\N	\N	\N	\N
13	Mike Tyson Vs. Robert Colay - First Round Knockout!!! 	http://www.youtube.com/watch?v=sO9oazcxBjE&feature=related	2013-04-25 18:33:44.655888	2013-04-25 18:33:44.655888	\N	\N	5	\N	Demo	\N	\N	\N	\N	\N
14	1987 HBO Legendary Nights Fight Mike Tyson vs James Smith	http://www.youtube.com/watch?v=GlHLuvDYtOc&feature=related	2013-04-25 18:36:09.87956	2013-04-25 18:36:09.87956	\N	\N	5	\N	Demo	\N	\N	\N	\N	\N
15	Behind the Lens - MMA Training With Derek Brunson 	http://www.youtube.com/watch?v=0YXC7r55yJA&feature=related	2013-04-25 18:37:19.864631	2013-04-25 18:37:19.864631	\N	\N	5	\N	How-To	\N	\N	\N	\N	\N
16	Anderson Silva Skillful KO 	http://www.youtube.com/watch?v=EQEbt3XJzdM	2013-04-25 18:39:46.897838	2013-04-25 18:39:46.897838	\N	\N	5	\N	Demo	\N	\N	\N	\N	\N
17	MIke Tyson VS Buster Douglas	http://www.youtube.com/watch?v=x7Rbiwh-hDM&feature=related	2013-05-10 15:35:12.711569	2013-05-10 15:35:12.711569	\N	\N	6	\N	Demo	\N	\N	\N	\N	\N
18	MMA TRAINING	http://www.youtube.com/watch?v=tOXAsbuuocc	2013-05-10 15:36:24.335945	2013-05-10 15:36:24.335945	\N	\N	6	\N	How-To	\N	\N	\N	\N	\N
19	Muhammad Ali vs George Foreman	http://www.youtube.com/watch?v=i9tQsbHaYn8&feature=related	2013-05-10 15:37:11.762742	2013-05-10 15:37:11.762742	\N	\N	6	\N	Demo	\N	\N	\N	\N	\N
20	Pigua Quan Blue Dragon Fist	http://www.youtube.com/watch?v=aa_mW_7UQ1o	2013-05-10 15:42:53.194302	2013-05-10 15:42:53.194302	\N	\N	6	\N	How-To	\N	\N	\N	\N	\N
21	Subak Martial Arts Board Breaking	http://www.youtube.com/watch?v=mVZXeW7CPOE	2013-05-10 15:43:48.475404	2013-05-10 15:43:48.475404	\N	\N	6	\N	Demo	\N	\N	\N	\N	\N
22	penchak silat 	http://www.youtube.com/watch?v=tUuTjD2XtbM&feature=results_main&playnext=1&list=PL3B4B3B993A30AE51	2013-05-10 15:44:50.763547	2013-05-10 15:44:50.763547	\N	\N	6	\N	How-To	\N	\N	\N	\N	\N
23	Kinomichi "Dojo de la Fontaine" Masamichi Noro Paris	http://www.youtube.com/watch?v=xmp1jqcSy3g	2013-05-10 15:45:54.384517	2013-05-10 15:45:54.384517	\N	\N	6	\N	How-To	\N	\N	\N	\N	\N
24	Tyson vs. Clifford	http://www.youtube.com/watch?v=eTY9RYyVHBU&feature=related	2013-05-10 15:46:45.850046	2013-05-10 15:46:45.850046	\N	\N	6	\N	Demo	\N	\N	\N	\N	\N
25	Kickboxing Training: Left Hook Left High Kick Trick with Pat Barry	http://www.youtube.com/watch?v=ZXWtPOeEFx8	2013-05-10 15:50:12.599754	2013-05-10 15:50:12.599754	\N	\N	6	\N	How-To	\N	\N	\N	\N	\N
26	15 yr old first fight in cage 	http://www.youtube.com/watch?v=NUe5GMumV7k&feature=related	2013-05-10 15:51:24.513421	2013-05-10 15:51:24.513421	\N	\N	6	\N	Demo	\N	\N	\N	\N	\N
27	Build Muscle Fast! lose pounds! 	http://www.youtube.com/watch?v=rs1rqBtG4V8&feature=related	2013-05-10 15:52:06.173947	2013-05-10 15:52:06.173947	\N	\N	6	\N	How-To	\N	\N	\N	\N	\N
28	Silat Fighter in the Octagon (MMA) 	http://www.youtube.com/watch?v=XLINRriHeDA	2013-05-10 15:53:42.738603	2013-05-10 15:53:42.738603	\N	\N	6	\N	Demo	\N	\N	\N	\N	\N
29	Defendo Alliance	http://www.youtube.com/watch?v=BmN_XMRqN2k	2013-05-31 20:23:59.550074	2013-05-31 20:23:59.550074	\N	\N	8	\N	Demo	\N	\N	\N	\N	\N
30	Defendo Kotka- Advanced group training	http://www.youtube.com/watch?v=CpUjEZOHWK8&feature=fvst	2013-05-31 20:31:20.934833	2013-05-31 20:31:20.934833	\N	\N	8	\N	Demo	\N	\N	\N	\N	\N
31	John Parker Flow Drills | Bill Wolfe | Wolfes Combatives 	http://www.youtube.com/watch?feature=endscreen&v=Z0nF1zp98AI&NR=1	2013-05-31 20:32:51.271472	2013-05-31 20:32:51.271472	\N	\N	8	\N	How-To	\N	\N	\N	\N	\N
32	Wolfes Combatives 	http://www.youtube.com/watch?v=iyPS8p7d-TE&feature=related	2013-05-31 20:37:12.082401	2013-05-31 20:37:12.082401	\N	\N	8	\N	Demo	\N	\N	\N	\N	\N
33	Scandinavian Defendo Finland 	http://www.youtube.com/watch?v=_xhIfPddNiY&feature=related	2013-05-31 20:40:32.564572	2013-05-31 20:40:32.564572	\N	\N	8	\N	Demo	\N	\N	\N	\N	\N
34	stopping rotation taking center	http://www.youtube.com/watch?v=QAPEVHYsZ-o&feature=related	2013-05-31 20:42:04.752902	2013-05-31 20:42:04.752902	\N	\N	8	\N	How-To	\N	\N	\N	\N	\N
35	The Real Defendo 	http://www.youtube.com/watch?v=QPvbiy0eNzQ&feature=related	2013-05-31 20:42:51.982576	2013-05-31 20:42:51.982576	\N	\N	8	\N	How-To	\N	\N	\N	\N	\N
36	Fury Baton with Easy Close by JoyEnterprises	http://www.youtube.com/watch?v=KwjPq7fPJKQ&feature=related	2013-05-31 20:43:59.435041	2013-05-31 20:43:59.435041	\N	\N	8	\N	How-To	\N	\N	\N	\N	\N
37	Self Defense Training System	http://www.youtube.com/watch?v=LMVIIhwuMGE&feature=related	2013-05-31 20:45:09.788287	2013-05-31 20:45:09.788287	\N	\N	8	\N	Demo	\N	\N	\N	\N	\N
38	Three Extreme Brutal Street Fights	http://www.youtube.com/watch?v=SFSfl_kGuVU&feature=related	2013-05-31 20:48:04.563898	2013-05-31 20:48:04.563898	\N	\N	8	\N	Needs-Feedback	\N	\N	\N	\N	\N
39	Kuba Kickz Self Defense www.Joy Enterprises.com 	http://www.youtube.com/watch?v=w1y87Cicwxg&NR=1&feature=endscreen	2013-05-31 20:48:59.898973	2013-05-31 20:48:59.898973	\N	\N	8	\N	How-To	\N	\N	\N	\N	\N
40	Kuba Kickz Training Video Self Defense in your Shoes! 	http://www.youtube.com/watch?v=xKhRQBavYH0&feature=related	2013-05-31 20:50:25.658739	2013-05-31 20:50:25.658739	\N	\N	8	\N	How-To	\N	\N	\N	\N	\N
41	Griffin Grip Series II Training GripMaster	http://www.youtube.com/watch?v=JHaE546MQZU&feature=related	2013-05-31 20:51:08.382552	2013-05-31 20:51:08.382552	\N	\N	8	\N	Demo	\N	\N	\N	\N	\N
42	this guy cant be human: servet tazegül	http://www.youtube.com/watch?v=fcae47IrgEU&feature=related	2013-05-31 20:52:03.263942	2013-05-31 20:52:03.263942	\N	\N	8	\N	Demo	\N	\N	\N	\N	\N
43	Battojutsu highlights 	http://www.youtube.com/watch?v=1OxI_l9QJ7k	2013-05-31 20:54:45.826842	2013-05-31 20:54:45.826842	\N	\N	8	\N	Demo	\N	\N	\N	\N	\N
44	Batto Jutsu 	http://www.youtube.com/watch?v=eHf59-QMB7U&feature=related	2013-05-31 21:02:17.953382	2013-05-31 21:02:17.953382	\N	\N	8	\N	Demo	\N	\N	\N	\N	\N
45	Spear vs Sword and Buckler Nick vs Mike Sparring 	http://www.youtube.com/watch?v=O8RWLxlzTiM&feature=related	2013-05-31 21:03:44.833466	2013-05-31 21:03:44.833466	\N	\N	8	\N	Demo	\N	\N	\N	\N	\N
46	Flail vs Broadsword´n Shield 	http://www.youtube.com/watch?v=Rngul46pJQY&feature=related	2013-05-31 21:04:42.653629	2013-05-31 21:04:42.653629	\N	\N	8	\N	Demo	\N	\N	\N	\N	\N
47	Langes Messer vs Saber	http://www.youtube.com/watch?v=qhBiCQ7cpgU&feature=related	2013-05-31 21:15:22.927326	2013-05-31 21:15:22.927326	\N	\N	8	\N	Demo	\N	\N	\N	\N	\N
48	Anderson Silva's Striking Combos for MMA 	http://www.youtube.com/watch?v=hrNCPcxtGEA&feature=related	2013-05-31 21:17:08.360308	2013-05-31 21:17:08.360308	\N	\N	8	\N	How-To	\N	\N	\N	\N	\N
49	Judo Throws & Moves : Hip Throw Judo Techniques	http://www.youtube.com/watch?v=kdqNzU9xZ6A	2013-05-31 21:19:34.042092	2013-05-31 21:19:34.042092	\N	\N	8	\N	How-To	\N	\N	\N	\N	\N
50	Hokutoryu jujutsu demo 	http://www.youtube.com/watch?v=wzQBrMlHY90	2013-05-31 21:20:34.647827	2013-05-31 21:20:34.647827	\N	\N	8	\N	Demo	\N	\N	\N	\N	\N
51	ELLO Luta Livre Seminar Athens, Greece 	http://www.youtube.com/watch?v=6D9PIQw4cCw&feature=fvst	2013-06-02 23:18:40.666859	2013-06-02 23:18:40.666859	\N	\N	9	\N	How-To	\N	\N	\N	\N	\N
52	paulo filho vs cacareco 	http://www.youtube.com/watch?v=9qtwgy_eMm8&feature=related	2013-06-02 23:19:40.567133	2013-06-02 23:19:40.567133	\N	\N	9	\N	Demo	\N	\N	\N	\N	\N
53	Kareline Alexandre (RUS) vs Gardner Rulon (USA) 	http://www.youtube.com/watch?v=9MI7KuGb48E&feature=related	2013-06-02 23:20:43.798607	2013-06-02 23:20:43.798607	\N	\N	9	\N	Demo	\N	\N	\N	\N	\N
54	Taifun Luta Livre 	http://www.youtube.com/watch?v=YrNDH9wjiZg&feature=fvsr	2013-06-02 23:21:44.382408	2013-06-02 23:21:44.382408	\N	\N	9	\N	Demo	\N	\N	\N	\N	\N
55	Marcelo Dourado na luta livre contra Rafael Capoeira 	http://www.youtube.com/watch?v=lD1TX6M97U4	2013-06-02 23:22:48.690405	2013-06-02 23:22:48.690405	\N	\N	9	\N	Demo	\N	\N	\N	\N	\N
56	Georges St-Pierre GSP RUSHFIT Knuckle Push Up 	http://www.youtube.com/user/GSPRUSHFIT?v=6m7neRe3Z2A&feature=pyv&ad=19398676408&kw=MMA%20training	2013-06-05 16:11:26.16965	2013-06-05 16:11:26.16965	\N	\N	9	\N	How-To	\N	\N	\N	\N	\N
57	Pancrase: Semmy Schilt vs Satoshi Hasegawa	http://www.youtube.com/watch?v=V23quKeW8Lw&feature=related	2013-06-05 16:12:53.391627	2013-06-05 16:12:53.391627	\N	\N	9	\N	Demo	\N	\N	\N	\N	\N
58	Human Weapon - Kbach Kun Boran Khmer Empire King	http://www.youtube.com/watch?v=e56-mpuNRgw	2013-06-05 16:15:02.09594	2013-06-05 16:15:02.09594	\N	\N	9	\N	How-To	\N	\N	\N	\N	\N
59	Cambodia Fighter Vs. Australia Fighter	http://www.youtube.com/watch?v=uloUWR1M9VE&feature=related	2013-06-05 16:16:33.023792	2013-06-05 16:16:33.023792	\N	\N	9	\N	Demo	\N	\N	\N	\N	\N
60	Aussie Trevor Loomes and the KickBoxing World 	http://www.youtube.com/watch?v=wnphBtZ_8-o&feature=relmfu	2013-06-05 16:18:18.052304	2013-06-05 16:18:18.052304	\N	\N	9	\N	Demo	\N	\N	\N	\N	\N
61	Chey Kosal (Cambodia) Vs Charlie Bechwaty (Australia) 	http://www.youtube.com/watch?v=AEWgM0DvEY0&feature=relmfu	2013-06-05 16:19:21.788803	2013-06-05 16:19:21.788803	\N	\N	9	\N	Demo	\N	\N	\N	\N	\N
62	My Cambodia TV - Khmer Fighter Vs. Vietnamese Fighter 	http://www.youtube.com/watch?v=kczQQdk_Apk&feature=relmfu	2013-06-05 16:26:24.540619	2013-06-05 16:26:24.540619	\N	\N	9	\N	Demo	\N	\N	\N	\N	\N
63	Chey Kosal vs Ot Phuthong	http://www.youtube.com/watch?v=psmgKYGWumA&feature=related	2013-06-05 16:27:37.724628	2013-06-05 16:27:37.724628	\N	\N	9	\N	Demo	\N	\N	\N	\N	\N
64	Eh Phuthong vs Shaun Lomas	http://www.youtube.com/watch?v=_MeeHj7-HOM&feature=related	2013-06-05 16:28:24.229296	2013-06-05 16:28:24.229296	\N	\N	9	\N	Demo	\N	\N	\N	\N	\N
65	Phum Saray vs Daniel Mashamaite	http://www.youtube.com/watch?v=R7TNbPezwVk	2013-06-05 16:29:53.071271	2013-06-05 16:29:53.071271	\N	\N	9	\N	Demo	\N	\N	\N	\N	\N
66	Bird Kham vs Daniel Mashamaite	http://www.youtube.com/watch?v=ZeqWibhoTD4&feature=related	2013-06-05 16:30:54.312143	2013-06-05 16:30:54.312143	\N	\N	9	\N	Demo	\N	\N	\N	\N	\N
67	Bird Kham Vs Rotana Noy	http://www.youtube.com/watch?v=dgIwse7vCRI&feature=related	2013-06-05 16:31:37.883126	2013-06-05 16:31:37.883126	\N	\N	9	\N	Demo	\N	\N	\N	\N	\N
68	Muay Thai - Senchai Rakdeth Vs. Sen Rady	http://www.youtube.com/watch?v=yyNY1u9lttE&feature=related	2013-06-05 16:58:16.847147	2013-06-05 16:58:16.847147	\N	\N	9	\N	Demo	\N	\N	\N	\N	\N
69	Sen Rady vs. Brandon	http://www.youtube.com/watch?v=GOKZe-xdG54&feature=related	2013-06-05 16:59:34.528292	2013-06-05 16:59:34.528292	\N	\N	9	\N	Demo	\N	\N	\N	\N	\N
70	Fanzi Quan - Lightningfist 	http://www.youtube.com/watch?v=V7YRvrB0gHA	2013-06-05 22:39:20.216255	2013-06-05 22:39:20.216255	\N	\N	10	\N	Demo	\N	\N	\N	\N	\N
71	Fanzi quan and Jet li 	http://www.youtube.com/watch?v=YtLZev93m1E&feature=related	2013-06-05 22:40:53.029169	2013-06-05 22:40:53.029169	\N	\N	10	\N	Demo	\N	\N	\N	\N	\N
72	Fanzi Quan 	http://www.youtube.com/watch?v=XRgjspNpy70	2013-06-05 22:41:56.26505	2013-06-05 22:41:56.26505	\N	\N	10	\N	How-To	\N	\N	\N	\N	\N
73	Modern Fanzi Quan by Mao Jing Guan	http://www.youtube.com/watch?v=LRwtv2ca6Ec&feature=related	2013-06-05 22:43:08.001512	2013-06-05 22:43:08.001512	\N	\N	10	\N	How-To	\N	\N	\N	\N	\N
74	Fanzi Quan	http://www.youtube.com/watch?v=jFGrHMAxDqQ	2013-06-05 22:44:25.794784	2013-06-05 22:44:25.794784	\N	\N	10	\N	Needs-Feedback	\N	\N	\N	\N	\N
75	Kung Fu and Lion Dance Orlando Florida	http://www.youtube.com/watch?v=5kk2TVYjjdk&feature=fvst	2013-06-05 22:51:34.539479	2013-06-05 22:51:34.539479	\N	\N	10	\N	Demo	\N	\N	\N	\N	\N
76	Hung Fut Philippines - on Eumorpho	http://www.youtube.com/watch?v=GNZ7rpezP2c&feature=fvst	2013-06-05 22:52:53.724183	2013-06-05 22:52:53.724183	\N	\N	10	\N	Demo	\N	\N	\N	\N	\N
77	Hung Fut 	http://www.youtube.com/watch?v=nCqzOYIYS_4&feature=related	2013-06-05 22:53:38.146528	2013-06-05 22:53:38.146528	\N	\N	10	\N	How-To	\N	\N	\N	\N	\N
78	Hung Fut Philippines	http://www.youtube.com/watch?v=ej7zO9BRiy4&feature=related	2013-06-05 22:54:58.854311	2013-06-05 22:54:58.854311	\N	\N	10	\N	Demo	\N	\N	\N	\N	\N
79	Hung Fut Philippines - St. Scho Demo 	http://www.youtube.com/watch?v=eY0Tq2f3Og0&feature=related	2013-06-05 22:57:28.09061	2013-06-05 22:57:28.09061	\N	\N	10	\N	Demo	\N	\N	\N	\N	\N
80	Hung Gar Tiger Crane 	http://www.youtube.com/watch?v=-VQW55fdJxA	2013-06-05 22:58:26.198257	2013-06-05 22:58:26.198257	\N	\N	10	\N	Demo	\N	\N	\N	\N	\N
81	Hung Gar Kung Fu Vs Shotokan Karate	http://www.youtube.com/watch?v=gKbBXaW5THM&feature=related	2013-06-05 22:59:39.65585	2013-06-05 22:59:39.65585	\N	\N	10	\N	Demo	\N	\N	\N	\N	\N
82	karate vs kung fu 	http://www.youtube.com/watch?v=sXgt44Bsx88&feature=related	2013-06-05 23:00:34.735173	2013-06-05 23:00:34.735173	\N	\N	10	\N	Demo	\N	\N	\N	\N	\N
83	Hung Gar grandmaster Lam Chun Fai 	http://www.youtube.com/watch?v=_XF9mzwbh40	2013-06-05 23:01:23.661599	2013-06-05 23:01:23.661599	\N	\N	10	\N	Demo	\N	\N	\N	\N	\N
84	Grandmaster Chiu chi ling Hung Gar chi sau Lesson in the metro of rome 	http://www.youtube.com/watch?v=u6F0o3ZsxCM&feature=related	2013-06-05 23:08:19.039011	2013-06-05 23:08:19.039011	\N	\N	10	\N	How-To	\N	\N	\N	\N	\N
85	MiZong Yi Lu 	http://www.youtube.com/watch?v=VUmXXshtjhU	2013-06-05 23:09:33.633883	2013-06-05 23:09:33.633883	\N	\N	10	\N	Demo	\N	\N	\N	\N	\N
86	WUDANG KUNGFU | Wudang Seven Star Sword	http://www.youtube.com/watch?v=4XTK0ursJkk&feature=related	2013-06-05 23:10:43.542743	2013-06-05 23:10:43.542743	\N	\N	10	\N	Demo	\N	\N	\N	\N	\N
87	Master Xu YiZhen TaiChiChuan Sparring 	http://www.youtube.com/watch?v=yWKLZ87V_WM&feature=related	2013-06-05 23:12:59.852586	2013-06-05 23:12:59.852586	\N	\N	10	\N	Needs-Feedback	\N	\N	\N	\N	\N
88	Mizong yi	http://www.youtube.com/watch?v=wTWkGZLRpyI	2013-06-05 23:14:59.480266	2013-06-05 23:14:59.480266	\N	\N	10	\N	Demo	\N	\N	\N	\N	\N
89	Shaolin Mizong Quan 	http://www.youtube.com/watch?v=VFZB-FAC09A&feature=related	2013-06-05 23:17:35.3808	2013-06-05 23:17:35.3808	\N	\N	10	\N	How-To	\N	\N	\N	\N	\N
90	Shaolin Mizong Quan- road 1 	http://www.youtube.com/watch?v=r3ehQ_9jSQ0	2013-06-05 23:18:34.35715	2013-06-05 23:18:34.35715	\N	\N	10	\N	How-To	\N	\N	\N	\N	\N
91	Shaolin Mizong Quan- road 2 	http://www.youtube.com/watch?v=I36ITY8Gfqk	2013-06-05 23:19:13.99438	2013-06-05 23:19:13.99438	\N	\N	10	\N	How-To	\N	\N	\N	\N	\N
92	Piguaquan - Basics	http://www.youtube.com/watch?v=DFqkkniJhME&feature=related	2013-06-05 23:26:14.041002	2013-06-05 23:26:14.041002	\N	\N	10	\N	Demo	\N	\N	\N	\N	\N
93	Piguaquan　[劈挂拳] 	http://www.youtube.com/watch?v=N44rjDd6uWU&feature=related	2013-06-05 23:26:53.921449	2013-06-05 23:26:53.921449	\N	\N	10	\N	Demo	\N	\N	\N	\N	\N
94	Piguaquan 常松老師の通背拳 	http://www.youtube.com/watch?v=-cT3zd_qfxI&feature=related	2013-06-05 23:28:18.132992	2013-06-05 23:28:18.132992	\N	\N	10	\N	How-To	\N	\N	\N	\N	\N
95	traditional chen style tai chi 24	http://www.youtube.com/watch?v=3nHl1e0qiuo&feature=fvst	2013-06-05 23:30:00.348605	2013-06-05 23:30:00.348605	\N	\N	10	\N	Demo	\N	\N	\N	\N	\N
96	traditional chen style tai chi 13 	http://www.youtube.com/watch?v=72U_8Hb2iSo&feature=relmfu	2013-06-05 23:30:54.407805	2013-06-05 23:30:54.407805	\N	\N	10	\N	Demo	\N	\N	\N	\N	\N
97	Tai Chi Yang 13 - www.taijijlegacy.com	http://www.youtube.com/watch?v=KuqbK32c-xg&feature=relmfu	2013-06-05 23:31:54.054698	2013-06-05 23:31:54.054698	\N	\N	10	\N	How-To	\N	\N	\N	\N	\N
98	Yang Style T'ai-Chi Ch'uan Applications	http://www.youtube.com/watch?v=tWdtKMr-VNQ	2013-06-05 23:33:06.050344	2013-06-05 23:33:06.050344	\N	\N	10	\N	How-To	\N	\N	\N	\N	\N
99	Taiji - Chen Style old form 1 & 2 	http://www.youtube.com/watch?v=8uu7ghVNt4M	2013-06-05 23:34:45.814662	2013-06-05 23:34:45.814662	\N	\N	10	\N	How-To	\N	\N	\N	\N	\N
100	T'ai Chi Ch'uan with Maku - Complete 24 Forms of Standard Yang Style 	http://www.youtube.com/watch?v=aheO3f80K2w	2013-06-05 23:35:55.028973	2013-06-05 23:35:55.028973	\N	\N	10	\N	How-To	\N	\N	\N	\N	\N
104	Advanced Practical Chin Na by Dr. Yang, Jwing-Ming 	http://www.youtube.com/watch?v=HgAkbSVSQqE&feature=relmfu	2013-06-05 23:41:14.849597	2013-06-05 23:41:14.849597	\N	\N	10	\N	How-To	\N	\N	\N	\N	\N
108	The Wondrous World of Chi Power 	http://www.youtube.com/watch?v=KJr2BdUTYkU&feature=related	2013-06-05 23:45:12.315157	2013-06-05 23:45:12.315157	\N	\N	10	\N	Demo	\N	\N	\N	\N	\N
101	Yang Style Tai Ji Fighting Techniques 	http://www.youtube.com/watch?v=EpuVpNfhHUg&feature=related	2013-06-05 23:37:52.276253	2013-06-05 23:37:52.276253	\N	\N	10	\N	How-To	\N	\N	\N	\N	\N
105	Wu Hao Style Tai Chi Chuan, long pole 	http://www.youtube.com/watch?v=58lhS1vJcg0	2013-06-05 23:42:18.586547	2013-06-05 23:42:18.586547	\N	\N	10	\N	How-To	\N	\N	\N	\N	\N
109	Wu (Hao) Style Tai Chi	http://www.youtube.com/watch?v=pZvGNErPN4Q	2013-06-05 23:46:05.637349	2013-06-05 23:46:05.637349	\N	\N	10	\N	How-To	\N	\N	\N	\N	\N
102	taiji application straight punch 	http://www.youtube.com/watch?v=xwES6Ob51ro&feature=related	2013-06-05 23:39:00.079824	2013-06-05 23:39:00.079824	\N	\N	10	\N	How-To	\N	\N	\N	\N	\N
106	TAI CHI STRIKING POWER TRAINING	http://www.youtube.com/watch?v=sackVwrQuXA&feature=related	2013-06-05 23:43:15.51954	2013-06-05 23:43:15.51954	\N	\N	10	\N	How-To	\N	\N	\N	\N	\N
103	YMAA Taiji Applications (Yang taijiquan) tai chi fighting! 	http://www.youtube.com/watch?v=6NagW6BImF8&feature=related	2013-06-05 23:40:08.66057	2013-06-05 23:40:08.66057	\N	\N	10	\N	How-To	\N	\N	\N	\N	\N
107	Tai Chi Combat	http://www.youtube.com/watch?v=V5PYoIqay84&feature=related	2013-06-05 23:44:04.652046	2013-06-05 23:44:04.652046	\N	\N	10	\N	Demo	\N	\N	\N	\N	\N
110	Close Quarters Combat Elbow Strike Secret	http://www.youtube.com/watch?v=Gp8yZQqZMt8	2013-06-06 16:10:59.262309	2013-06-06 16:10:59.262309	\N	\N	11	\N	How-To	\N	\N	\N	\N	\N
111	Uppercut Secret - Knock Someone Out With One Punch	http://www.youtube.com/watch?v=5ncBG5dEWjI&feature=related	2013-06-06 16:11:58.984935	2013-06-06 16:11:58.984935	\N	\N	11	\N	\N	\N	\N	\N	\N	\N
112	3 Street Fight Self Defense Technique Principles	http://www.youtube.com/watch?v=rvu3vYhp7x0&feature=related	2013-06-06 17:02:02.787876	2013-06-06 17:02:02.787876	\N	\N	11	\N	How-To	\N	\N	\N	\N	\N
113	How to get out of a Choke Hold ! Street fighting 	http://www.youtube.com/watch?v=uzm6_szUkYk&feature=related	2013-06-06 17:04:50.379723	2013-06-06 17:04:50.379723	\N	\N	11	\N	How-To	\N	\N	\N	\N	\N
114	How to Do the Sleeper Hold 	http://www.youtube.com/watch?v=IM6gqRkNwIc&feature=related	2013-06-06 17:14:43.896713	2013-06-06 17:14:43.896713	\N	\N	11	\N	How-To	\N	\N	\N	\N	\N
115	How to Fall Safely 	http://www.youtube.com/watch?v=vV6gXQVnIiE&feature=relmfu	2013-06-06 17:15:44.467798	2013-06-06 17:15:44.467798	\N	\N	11	\N	How-To	\N	\N	\N	\N	\N
116	How to Do a Pile Driver	http://www.youtube.com/watch?v=sVNqd2nkZcU&feature=relmfu	2013-06-06 17:16:51.031868	2013-06-06 17:16:51.031868	\N	\N	11	\N	How-To	\N	\N	\N	\N	\N
117	Simple Exercise Warm Up 	http://www.youtube.com/watch?v=vug9Mrvp19M&feature=relmfu	2013-06-06 17:18:16.039045	2013-06-06 17:18:16.039045	\N	\N	11	\N	How-To	\N	\N	\N	\N	\N
118	Close Quarters Combat Hockey Street Fight Technique 	http://www.youtube.com/watch?v=C5aH35Ir21Q	2013-06-06 17:19:14.914042	2013-06-06 17:19:14.914042	\N	\N	11	\N	How-To	\N	\N	\N	\N	\N
119	Close Quarter Combat (CQC) 	http://www.youtube.com/watch?v=3fJHJPCaYgg&feature=related	2013-06-06 17:20:05.986261	2013-06-06 17:20:05.986261	\N	\N	11	\N	How-To	\N	\N	\N	\N	\N
120	Close Quarter Combatives CQC 	http://www.youtube.com/watch?v=O5x_lAars_w&feature=related	2013-06-06 17:21:13.277242	2013-06-06 17:21:13.277242	\N	\N	11	\N	How-To	\N	\N	\N	\N	\N
121	Pekiti-Tirsia Kali - Military CQC Course - Patikul, Sulu, Jolo 	http://www.youtube.com/watch?v=JYTfb1gJf0Q&feature=related	2013-06-06 17:22:06.975212	2013-06-06 17:22:06.975212	\N	\N	11	\N	How-To	\N	\N	\N	\N	\N
122	Real life army knife fight 	http://www.youtube.com/watch?v=3g_Lxc4ixJ4&feature=related	2013-06-06 17:23:18.518285	2013-06-06 17:23:18.518285	\N	\N	11	\N	Demo	\N	\N	\N	\N	\N
123	Shock knife practice ( taser knifes) 	http://www.youtube.com/watch?v=Obfzj0o1NPI&feature=related	2013-06-06 17:24:41.286799	2013-06-06 17:24:41.286799	\N	\N	11	\N	Demo	\N	\N	\N	\N	\N
124	Shocknife Knife Sparring 	http://www.youtube.com/watch?v=iw4ft1L5a3U&feature=related	2013-06-06 17:26:04.066835	2013-06-06 17:26:04.066835	\N	\N	11	\N	How-To	\N	\N	\N	\N	\N
125	Street Edge The Libre Fighting DVD	http://www.youtube.com/watch?v=0ZAD2zu7NBo&feature=related	2013-06-06 17:26:50.078763	2013-06-06 17:26:50.078763	\N	\N	11	\N	Demo	\N	\N	\N	\N	\N
126	Serbian Combat Style seminar - Srpski Stil 2009 	http://www.youtube.com/watch?v=DzGR3alpdWo&feature=related	2013-06-06 17:29:01.862053	2013-06-06 17:29:01.862053	\N	\N	11	\N	Demo	\N	\N	\N	\N	\N
127	KMG Serbia Training 	http://www.youtube.com/watch?v=OvmJKMxNoaA&feature=related	2013-06-06 17:30:02.058367	2013-06-06 17:30:02.058367	\N	\N	11	\N	Demo	\N	\N	\N	\N	\N
128	Handgun Disarm Technique For Self Defense - Timing	http://www.youtube.com/watch?v=A6X0dDq1JBo&feature=related	2013-06-06 17:31:24.232305	2013-06-06 17:31:24.232305	\N	\N	11	\N	How-To	\N	\N	\N	\N	\N
129	Best Gun Disarm	http://www.youtube.com/watch?v=bdgqibX7NxY&feature=related	2013-06-06 17:33:41.842603	2013-06-06 17:33:41.842603	\N	\N	11	\N	How-To	\N	\N	\N	\N	\N
130	How To Knock Someone Out 	http://www.youtube.com/watch?v=VCarSRnquLM&feature=related	2013-06-06 17:34:45.459185	2013-06-06 17:34:45.459185	\N	\N	11	\N	How-To	\N	\N	\N	\N	\N
131	Anderson Silva Amazing reverse elbow Knockout 	http://www.youtube.com/watch?v=fLUKJdkvu5w&feature=related	2013-06-06 17:35:29.43769	2013-06-06 17:35:29.43769	\N	\N	11	\N	Demo	\N	\N	\N	\N	\N
132	4 Easy Selfdefense Techniques	http://www.youtube.com/watch?v=Qs3viHqeV24&feature=related	2013-06-06 17:36:17.495332	2013-06-06 17:36:17.495332	\N	\N	11	\N	How-To	\N	\N	\N	\N	\N
133	Pressure point (Basic #1)	http://www.youtube.com/watch?v=MuCkP50ZXDU&feature=related	2013-06-06 17:37:12.200129	2013-06-06 17:37:12.200129	\N	\N	11	\N	How-To	\N	\N	\N	\N	\N
134	Pressure point (Basic #2)	http://www.youtube.com/watch?v=S6pJpPkklxU&feature=related	2013-06-06 17:37:46.147672	2013-06-06 17:37:46.147672	\N	\N	11	\N	How-To	\N	\N	\N	\N	\N
135	Pressure point (Basic #3) 	http://www.youtube.com/watch?v=EgSYDT6uKb4&feature=related	2013-06-06 17:38:10.732251	2013-06-06 17:38:10.732251	\N	\N	11	\N	How-To	\N	\N	\N	\N	\N
136	Pressure point (Basic #4) 	http://www.youtube.com/watch?v=llanBm-IkWY&feature=related	2013-06-06 17:38:47.412724	2013-06-06 17:38:47.412724	\N	\N	11	\N	How-To	\N	\N	\N	\N	\N
137	Pressure point (Basic #5) 	http://www.youtube.com/watch?v=6Ovu7XQ92Wc	2013-06-06 17:41:04.728253	2013-06-06 17:41:04.728253	\N	\N	11	\N	How-To	\N	\N	\N	\N	\N
138	Pressure point (Basic #6) 	http://www.youtube.com/watch?v=B1I4BmGYntQ&feature=related	2013-06-06 17:41:58.324666	2013-06-06 17:41:58.324666	\N	\N	11	\N	How-To	\N	\N	\N	\N	\N
139	Scott Rogers Authentic Pressure Point	http://www.youtube.com/watch?v=o3TMTmVFMUw	2013-06-06 17:44:13.653324	2013-06-06 17:44:13.653324	\N	\N	11	\N	How-To	\N	\N	\N	\N	\N
140	112 Hand pressure points sampler 	http://www.youtube.com/watch?v=3OuduuFHNcI&feature=related	2013-06-06 17:45:25.846109	2013-06-06 17:45:25.846109	\N	\N	11	\N	How-To	\N	\N	\N	\N	\N
141	Pressure points of the torso 6 (brachial plexus) Level 1 	http://www.youtube.com/watch?v=G3Efb0jvbjA&feature=related	2013-06-06 17:46:23.316648	2013-06-06 17:46:23.316648	\N	\N	11	\N	How-To	\N	\N	\N	\N	\N
142	Pressure points of the Arms 1 Level 1 	http://www.youtube.com/watch?v=83p0MiOtnB0&feature=relmfu	2013-06-06 17:47:11.157417	2013-06-06 17:47:11.157417	\N	\N	11	\N	How-To	\N	\N	\N	\N	\N
143	Pressure points of the face 1 	http://www.youtube.com/watch?v=k0gjvTsftf0&feature=relmfu	2013-06-06 17:48:06.406913	2013-06-06 17:48:06.406913	\N	\N	11	\N	How-To	\N	\N	\N	\N	\N
144	Pressure points of the face 2 	http://www.youtube.com/watch?v=MinHtFAOOKA&feature=relmfu	2013-06-06 17:48:43.891095	2013-06-06 17:48:43.891095	\N	\N	11	\N	How-To	\N	\N	\N	\N	\N
145	Pressure points of the Legs1 level 1	http://www.youtube.com/watch?v=-_0PY2PtOJs&feature=related	2013-06-06 17:49:27.100578	2013-06-06 17:49:27.100578	\N	\N	11	\N	How-To	\N	\N	\N	\N	\N
146	Pressure points of the legs2 level1 	http://www.youtube.com/watch?v=BiiSAZkkxyA&feature=relmfu	2013-06-06 17:50:13.48273	2013-06-06 17:50:13.48273	\N	\N	11	\N	How-To	\N	\N	\N	\N	\N
147	Human Weapon - Best Techniques [GERMAN/HD] 	http://www.youtube.com/watch?v=BlA9nJeg1Qo&feature=related	2013-06-06 17:50:45.155501	2013-06-06 17:50:45.155501	\N	\N	11	\N	How-To	\N	\N	\N	\N	\N
148	Wrist Locks for the Street (Volume 1)	http://www.youtube.com/watch?v=5bDNmrFraBA&feature=related	2013-06-06 17:57:24.941473	2013-06-06 17:57:24.941473	\N	\N	11	\N	How-To	\N	\N	\N	\N	\N
149	Essential Self-Defense Tips: Wrist Grab Release 	http://www.youtube.com/watch?v=LoEHxqX3k3c&feature=related	2013-06-06 17:58:40.217024	2013-06-06 17:58:40.217024	\N	\N	11	\N	How-To	\N	\N	\N	\N	\N
150	ssential Self-Defense Tips: Advanced Choke Hold Release 	http://www.youtube.com/watch?v=z4unP8BNHWY&feature=relmfu	2013-06-06 17:59:36.093835	2013-06-06 17:59:36.093835	\N	\N	11	\N	How-To	\N	\N	\N	\N	\N
151	Essential Self-Defense Tips: Loop Choke Submission	http://www.youtube.com/watch?v=d5PVFo7KBSM&feature=relmfu	2013-06-06 18:00:21.446011	2013-06-06 18:00:21.446011	\N	\N	11	\N	How-To	\N	\N	\N	\N	\N
152	Rear Hair Grab Release 	http://www.youtube.com/watch?v=TEW03CUpPOs&feature=relmfu	2013-06-06 18:01:14.525431	2013-06-06 18:01:14.525431	\N	\N	11	\N	How-To	\N	\N	\N	\N	\N
153	Essential Self-Defense Tips: Choke Hold + Wrist Grabs Combo	http://www.youtube.com/watch?v=debANki4Ek8&feature=relmfu	2013-06-06 18:02:43.189437	2013-06-06 18:02:43.189437	\N	\N	11	\N	How-To	\N	\N	\N	\N	\N
154	Essential Self-Defense Tips: Weapon Disarming Part II 	http://www.youtube.com/watch?v=JXU5s3v3GKE	2013-06-06 18:04:28.078062	2013-06-06 18:04:28.078062	\N	\N	11	\N	How-To	\N	\N	\N	\N	\N
155	bajan stick fight	http://www.youtube.com/watch?v=80VUN5xkJgw	2013-07-14 14:26:57.778842	2013-07-14 14:26:57.778842	\N	\N	14	\N	Demo	\N	\N	\N	\N	\N
156	Stick fighting festival	http://www.youtube.com/watch?v=AIdlz55Aaho	2013-07-14 14:28:04.47399	2013-07-14 14:28:04.47399	\N	\N	14	\N	Demo	\N	\N	\N	\N	\N
157	Zulu & Filipino Kali Stick Fighting	http://www.youtube.com/watch?v=x_qgilAJi4U	2013-07-14 14:29:07.802064	2013-07-14 14:29:07.802064	\N	\N	14	\N	Demo	\N	\N	\N	\N	\N
158	Nguni Stick Fighting	http://www.youtube.com/watch?v=U1qrVYh7E1k	2013-07-14 14:30:31.247221	2013-07-14 14:30:31.247221	\N	\N	14	\N	Needs-Feedback	\N	\N	\N	\N	\N
160	Zulu Stick Fighting	http://www.youtube.com/watch?v=xwivJ5OyoNw	2013-07-14 14:32:43.237322	2013-07-14 14:32:43.237322	\N	\N	14	\N	Demo	\N	\N	\N	\N	\N
161	Beyond Survival with Les Stroud - Stick Fighting 	http://www.youtube.com/watch?v=EVi3mrOej90	2013-07-14 14:33:35.464495	2013-07-14 14:33:35.464495	\N	\N	14	\N	Demo	\N	\N	\N	\N	\N
162	Chun Kuk Do, ITC 2010	http://www.youtube.com/watch?v=SVxMOV1I7HM&feature=fvst	2013-07-14 14:34:44.374775	2013-07-14 14:34:44.374775	\N	\N	14	\N	Demo	\N	\N	\N	\N	\N
164	Sick wrestling Arm Spin by girl against boy	http://www.youtube.com/watch?v=5bVDWEBfTYo&feature=related	2013-07-14 14:37:01.610126	2013-07-14 14:37:01.610126	\N	\N	14	\N	Demo	\N	\N	\N	\N	\N
165	Danzan Ryu Jujitsu Henry Okazaki	http://www.youtube.com/watch?v=4WmYStrNE64&feature=fvst	2013-07-14 14:38:41.06181	2013-07-14 14:38:41.06181	\N	\N	14	\N	Demo	\N	\N	\N	\N	\N
166	Kajukenbo Yellow Belt Techniques	http://www.youtube.com/watch?v=YLyQBcYiaik	2013-07-14 14:42:07.153023	2013-07-14 14:42:07.153023	\N	\N	14	\N	How-To	\N	\N	\N	\N	\N
168	Jet Li 1978 — Changquan	http://www.youtube.com/watch?v=7eSbN-1Q1z0	2013-07-14 14:45:50.615809	2013-07-14 14:45:50.615809	\N	\N	14	\N	Demo	\N	\N	\N	\N	\N
159	African Stick and Shield Fencing 	http://www.youtube.com/watch?v=gk8yqjcPU2k	2013-07-14 14:31:49.871692	2013-07-14 14:31:49.871692	\N	\N	14	\N	How-To	\N	\N	\N	\N	\N
163	Random Karate Class Clips (1988) 	http://www.youtube.com/watch?v=7e0UqJcWH_A&feature=results_main&playnext=1&list=PL95870B44F63B47AA	2013-07-14 14:35:39.646549	2013-07-14 14:35:39.646549	\N	\N	14	\N	How-To	\N	\N	\N	\N	\N
167	MMA Training: Triangle Choke with Greg Jackson	http://www.youtube.com/watch?v=dfIkXZ9OA_4	2013-07-14 14:43:58.293041	2013-07-14 14:43:58.293041	\N	\N	14	\N	How-To	\N	\N	\N	\N	\N
169	dada	http://www.youtube.com/watch?v=BUY6HGqYweQ	2013-07-17 12:51:01.813267	2013-07-17 12:51:01.813267	\N	\N	16	\N	Demo	\N	\N	\N	\N	\N
178	title	http://www.youtube.com/watch?v=w7VD1681jV8	2013-07-23 17:21:25.021705	2013-08-18 13:57:42.979201	\N	Some new test description	17	\N	Demo	\N	\N	\N	\N	\N
177	Some Test title	http://www.youtube.com/watch?v=w7VD1681jV8	2013-07-23 17:20:57.574422	2013-07-23 17:20:57.574422	\N	\N	17	\N	Demo	\N	\N	\N	\N	\N
179	title	http://www.youtube.com/watch?v=w7VD1681jV8	2013-07-23 17:39:13.182362	2013-07-23 17:39:13.182362	\N	\N	17	\N	Demo	\N	\N	\N	\N	\N
180	test title	http://www.youtube.com/watch?v=w7VD1681jV8	2013-07-23 17:39:49.56772	2013-07-23 17:39:49.56772	\N	\N	17	\N	Demo	\N	\N	\N	\N	\N
181	title	http://www.youtube.com/watch?v=w7VD1681jV8	2013-07-23 17:41:58.870351	2013-07-23 17:41:58.870351	\N	\N	17	\N	How-To	\N	\N	\N	\N	\N
182	title	http://www.youtube.com/watch?v=w7VD1681jV8	2013-07-23 17:42:51.062047	2013-07-23 17:42:51.062047	\N	\N	17	\N	Demo	\N	\N	\N	\N	\N
184	sdfsdf	http://www.youtube.com/watch?v=w7VD1681jV8	2013-07-23 17:52:39.801961	2013-07-23 17:52:39.801961	\N	\N	17	\N	Demo	\N	\N	\N	\N	\N
188	My video 1	http://www.youtube.com/watch?v=aMtQjnsoD8c	2013-07-23 12:42:54	2013-08-17 12:42:54.398875	\N	\N	14	\N	How-To	\N	\N	\N	\N	\N
189	My video 2	http://www.youtube.com/watch?v=d6Vqp6UveIU	2013-07-28 12:42:54	2013-08-17 12:42:54.415494	\N	\N	14	\N	How-To	\N	\N	\N	\N	\N
190	My video 3	http://www.youtube.com/watch?v=d6Vqp6UveIU	2013-07-10 12:42:54	2013-08-17 12:42:54.422045	\N	\N	14	\N	Needs-Feedback	\N	\N	\N	\N	\N
191	My video 4	http://www.youtube.com/watch?v=DKUkC4Gj0zU	2013-07-06 12:42:54	2013-08-17 12:42:54.428175	\N	\N	14	\N	How-To	\N	\N	\N	\N	\N
192	My video 5	http://www.youtube.com/watch?v=DKUkC4Gj0zU	2013-07-13 12:42:54	2013-08-17 12:42:54.434527	\N	\N	14	\N	How-To	\N	\N	\N	\N	\N
193	My video 6	http://www.youtube.com/watch?v=d6Vqp6UveIU	2013-07-07 12:42:54	2013-08-17 12:42:54.441221	\N	\N	14	\N	Needs-Feedback	\N	\N	\N	\N	\N
194	My video 7	http://www.youtube.com/watch?v=d6Vqp6UveIU	2013-07-18 12:42:54	2013-08-17 12:42:54.448132	\N	\N	14	\N	Demo	\N	\N	\N	\N	\N
195	My video 8	http://www.youtube.com/watch?v=DKUkC4Gj0zU	2013-07-22 12:42:54	2013-08-17 12:42:54.454748	\N	\N	14	\N	Needs-Feedback	\N	\N	\N	\N	\N
196	My video 9	http://www.youtube.com/watch?v=d6Vqp6UveIU	2013-07-08 12:42:54	2013-08-17 12:42:54.461087	\N	\N	14	\N	Needs-Feedback	\N	\N	\N	\N	\N
197	My video 10	http://www.youtube.com/watch?v=DKUkC4Gj0zU	2013-07-05 12:42:54	2013-08-17 12:42:54.467984	\N	\N	14	\N	How-To	\N	\N	\N	\N	\N
198	My video 1	http://www.youtube.com/watch?v=DKUkC4Gj0zU	2013-08-10 16:49:08	2013-09-13 16:49:08.955505	\N	\N	14	\N	Needs-Feedback	\N	\N	\N	\N	\N
199	My video 2	http://www.youtube.com/watch?v=DKUkC4Gj0zU	2013-09-04 16:49:08	2013-09-13 16:49:08.973617	\N	\N	14	\N	How-To	\N	\N	\N	\N	\N
200	My video 3	http://www.youtube.com/watch?v=aMtQjnsoD8c	2013-09-08 16:49:08	2013-09-13 16:49:08.980136	\N	\N	14	\N	Needs-Feedback	\N	\N	\N	\N	\N
201	My video 4	http://www.youtube.com/watch?v=aMtQjnsoD8c	2013-08-18 16:49:08	2013-09-13 16:49:08.986136	\N	\N	14	\N	Needs-Feedback	\N	\N	\N	\N	\N
202	My video 5	http://www.youtube.com/watch?v=d6Vqp6UveIU	2013-08-02 16:49:08	2013-09-13 16:49:08.992289	\N	\N	14	\N	Demo	\N	\N	\N	\N	\N
203	My video 6	http://www.youtube.com/watch?v=aMtQjnsoD8c	2013-08-09 16:49:08	2013-09-13 16:49:08.998621	\N	\N	14	\N	Needs-Feedback	\N	\N	\N	\N	\N
204	My video 7	http://www.youtube.com/watch?v=DKUkC4Gj0zU	2013-08-29 16:49:09	2013-09-13 16:49:09.005269	\N	\N	14	\N	Demo	\N	\N	\N	\N	\N
205	My video 8	http://www.youtube.com/watch?v=DKUkC4Gj0zU	2013-08-14 16:49:09	2013-09-13 16:49:09.011531	\N	\N	14	\N	Demo	\N	\N	\N	\N	\N
206	My video 9	http://www.youtube.com/watch?v=aMtQjnsoD8c	2013-08-25 16:49:09	2013-09-13 16:49:09.017682	\N	\N	14	\N	Demo	\N	\N	\N	\N	\N
207	My video 10	http://www.youtube.com/watch?v=DKUkC4Gj0zU	2013-08-15 16:49:09	2013-09-13 16:49:09.023768	\N	\N	14	\N	How-To	\N	\N	\N	\N	\N
\.


--
-- Name: videos_id_seq; Type: SEQUENCE SET; Schema: public; Owner: balabanpetr
--

SELECT pg_catalog.setval('videos_id_seq', 207, true);


--
-- Name: admin_notes_pkey; Type: CONSTRAINT; Schema: public; Owner: balabanpetr; Tablespace: 
--

ALTER TABLE ONLY active_admin_comments
    ADD CONSTRAINT admin_notes_pkey PRIMARY KEY (id);


--
-- Name: admin_users_pkey; Type: CONSTRAINT; Schema: public; Owner: balabanpetr; Tablespace: 
--

ALTER TABLE ONLY admin_users
    ADD CONSTRAINT admin_users_pkey PRIMARY KEY (id);


--
-- Name: comment_likes_pkey; Type: CONSTRAINT; Schema: public; Owner: balabanpetr; Tablespace: 
--

ALTER TABLE ONLY comment_likes
    ADD CONSTRAINT comment_likes_pkey PRIMARY KEY (id);


--
-- Name: comments_pkey; Type: CONSTRAINT; Schema: public; Owner: balabanpetr; Tablespace: 
--

ALTER TABLE ONLY comments
    ADD CONSTRAINT comments_pkey PRIMARY KEY (id);


--
-- Name: conversations_pkey; Type: CONSTRAINT; Schema: public; Owner: balabanpetr; Tablespace: 
--

ALTER TABLE ONLY conversations
    ADD CONSTRAINT conversations_pkey PRIMARY KEY (id);


--
-- Name: flaggings_pkey; Type: CONSTRAINT; Schema: public; Owner: balabanpetr; Tablespace: 
--

ALTER TABLE ONLY flaggings
    ADD CONSTRAINT flaggings_pkey PRIMARY KEY (id);


--
-- Name: homes_pkey; Type: CONSTRAINT; Schema: public; Owner: balabanpetr; Tablespace: 
--

ALTER TABLE ONLY homes
    ADD CONSTRAINT homes_pkey PRIMARY KEY (id);


--
-- Name: impressions_pkey; Type: CONSTRAINT; Schema: public; Owner: balabanpetr; Tablespace: 
--

ALTER TABLE ONLY impressions
    ADD CONSTRAINT impressions_pkey PRIMARY KEY (id);


--
-- Name: likes_pkey; Type: CONSTRAINT; Schema: public; Owner: balabanpetr; Tablespace: 
--

ALTER TABLE ONLY likes
    ADD CONSTRAINT likes_pkey PRIMARY KEY (id);


--
-- Name: notifications_pkey; Type: CONSTRAINT; Schema: public; Owner: balabanpetr; Tablespace: 
--

ALTER TABLE ONLY notifications
    ADD CONSTRAINT notifications_pkey PRIMARY KEY (id);


--
-- Name: plans_pkey; Type: CONSTRAINT; Schema: public; Owner: balabanpetr; Tablespace: 
--

ALTER TABLE ONLY plans
    ADD CONSTRAINT plans_pkey PRIMARY KEY (id);


--
-- Name: receipts_pkey; Type: CONSTRAINT; Schema: public; Owner: balabanpetr; Tablespace: 
--

ALTER TABLE ONLY receipts
    ADD CONSTRAINT receipts_pkey PRIMARY KEY (id);


--
-- Name: relationships_pkey; Type: CONSTRAINT; Schema: public; Owner: balabanpetr; Tablespace: 
--

ALTER TABLE ONLY relationships
    ADD CONSTRAINT relationships_pkey PRIMARY KEY (id);


--
-- Name: requests_pkey; Type: CONSTRAINT; Schema: public; Owner: balabanpetr; Tablespace: 
--

ALTER TABLE ONLY requests
    ADD CONSTRAINT requests_pkey PRIMARY KEY (id);


--
-- Name: rs_evaluations_pkey; Type: CONSTRAINT; Schema: public; Owner: balabanpetr; Tablespace: 
--

ALTER TABLE ONLY rs_evaluations
    ADD CONSTRAINT rs_evaluations_pkey PRIMARY KEY (id);


--
-- Name: rs_reputation_messages_pkey; Type: CONSTRAINT; Schema: public; Owner: balabanpetr; Tablespace: 
--

ALTER TABLE ONLY rs_reputation_messages
    ADD CONSTRAINT rs_reputation_messages_pkey PRIMARY KEY (id);


--
-- Name: rs_reputations_pkey; Type: CONSTRAINT; Schema: public; Owner: balabanpetr; Tablespace: 
--

ALTER TABLE ONLY rs_reputations
    ADD CONSTRAINT rs_reputations_pkey PRIMARY KEY (id);


--
-- Name: student_teacher_profiles_pkey; Type: CONSTRAINT; Schema: public; Owner: balabanpetr; Tablespace: 
--

ALTER TABLE ONLY student_teacher_profiles
    ADD CONSTRAINT student_teacher_profiles_pkey PRIMARY KEY (id);


--
-- Name: subscriptions_pkey; Type: CONSTRAINT; Schema: public; Owner: balabanpetr; Tablespace: 
--

ALTER TABLE ONLY subscriptions
    ADD CONSTRAINT subscriptions_pkey PRIMARY KEY (id);


--
-- Name: taggings_pkey; Type: CONSTRAINT; Schema: public; Owner: balabanpetr; Tablespace: 
--

ALTER TABLE ONLY taggings
    ADD CONSTRAINT taggings_pkey PRIMARY KEY (id);


--
-- Name: tags_pkey; Type: CONSTRAINT; Schema: public; Owner: balabanpetr; Tablespace: 
--

ALTER TABLE ONLY tags
    ADD CONSTRAINT tags_pkey PRIMARY KEY (id);


--
-- Name: users_pkey; Type: CONSTRAINT; Schema: public; Owner: balabanpetr; Tablespace: 
--

ALTER TABLE ONLY users
    ADD CONSTRAINT users_pkey PRIMARY KEY (id);


--
-- Name: videos_pkey; Type: CONSTRAINT; Schema: public; Owner: balabanpetr; Tablespace: 
--

ALTER TABLE ONLY videos
    ADD CONSTRAINT videos_pkey PRIMARY KEY (id);


--
-- Name: access_flag_flaggings; Type: INDEX; Schema: public; Owner: balabanpetr; Tablespace: 
--

CREATE INDEX access_flag_flaggings ON flaggings USING btree (flag, flagger_type, flagger_id, flaggable_type, flaggable_id);


--
-- Name: access_flaggings; Type: INDEX; Schema: public; Owner: balabanpetr; Tablespace: 
--

CREATE INDEX access_flaggings ON flaggings USING btree (flagger_type, flagger_id, flaggable_type, flaggable_id);


--
-- Name: controlleraction_ip_index; Type: INDEX; Schema: public; Owner: balabanpetr; Tablespace: 
--

CREATE INDEX controlleraction_ip_index ON impressions USING btree (controller_name, action_name, ip_address);


--
-- Name: controlleraction_request_index; Type: INDEX; Schema: public; Owner: balabanpetr; Tablespace: 
--

CREATE INDEX controlleraction_request_index ON impressions USING btree (controller_name, action_name, request_hash);


--
-- Name: controlleraction_session_index; Type: INDEX; Schema: public; Owner: balabanpetr; Tablespace: 
--

CREATE INDEX controlleraction_session_index ON impressions USING btree (controller_name, action_name, session_hash);


--
-- Name: index_active_admin_comments_on_author_type_and_author_id; Type: INDEX; Schema: public; Owner: balabanpetr; Tablespace: 
--

CREATE INDEX index_active_admin_comments_on_author_type_and_author_id ON active_admin_comments USING btree (author_type, author_id);


--
-- Name: index_active_admin_comments_on_namespace; Type: INDEX; Schema: public; Owner: balabanpetr; Tablespace: 
--

CREATE INDEX index_active_admin_comments_on_namespace ON active_admin_comments USING btree (namespace);


--
-- Name: index_admin_notes_on_resource_type_and_resource_id; Type: INDEX; Schema: public; Owner: balabanpetr; Tablespace: 
--

CREATE INDEX index_admin_notes_on_resource_type_and_resource_id ON active_admin_comments USING btree (resource_type, resource_id);


--
-- Name: index_admin_users_on_email; Type: INDEX; Schema: public; Owner: balabanpetr; Tablespace: 
--

CREATE UNIQUE INDEX index_admin_users_on_email ON admin_users USING btree (email);


--
-- Name: index_admin_users_on_reset_password_token; Type: INDEX; Schema: public; Owner: balabanpetr; Tablespace: 
--

CREATE UNIQUE INDEX index_admin_users_on_reset_password_token ON admin_users USING btree (reset_password_token);


--
-- Name: index_comment_likes_on_comment_id; Type: INDEX; Schema: public; Owner: balabanpetr; Tablespace: 
--

CREATE INDEX index_comment_likes_on_comment_id ON comment_likes USING btree (comment_id);


--
-- Name: index_comments_on_commentable_id_and_commentable_type; Type: INDEX; Schema: public; Owner: balabanpetr; Tablespace: 
--

CREATE INDEX index_comments_on_commentable_id_and_commentable_type ON comments USING btree (commentable_id, commentable_type);


--
-- Name: index_flaggings_on_flag_and_flaggable_type_and_flaggable_id; Type: INDEX; Schema: public; Owner: balabanpetr; Tablespace: 
--

CREATE INDEX index_flaggings_on_flag_and_flaggable_type_and_flaggable_id ON flaggings USING btree (flag, flaggable_type, flaggable_id);


--
-- Name: index_flaggings_on_flaggable_type_and_flaggable_id; Type: INDEX; Schema: public; Owner: balabanpetr; Tablespace: 
--

CREATE INDEX index_flaggings_on_flaggable_type_and_flaggable_id ON flaggings USING btree (flaggable_type, flaggable_id);


--
-- Name: index_impressions_on_user_id; Type: INDEX; Schema: public; Owner: balabanpetr; Tablespace: 
--

CREATE INDEX index_impressions_on_user_id ON impressions USING btree (user_id);


--
-- Name: index_likes_on_user_id; Type: INDEX; Schema: public; Owner: balabanpetr; Tablespace: 
--

CREATE INDEX index_likes_on_user_id ON likes USING btree (user_id);


--
-- Name: index_likes_on_video_id; Type: INDEX; Schema: public; Owner: balabanpetr; Tablespace: 
--

CREATE INDEX index_likes_on_video_id ON likes USING btree (video_id);


--
-- Name: index_notifications_on_conversation_id; Type: INDEX; Schema: public; Owner: balabanpetr; Tablespace: 
--

CREATE INDEX index_notifications_on_conversation_id ON notifications USING btree (conversation_id);


--
-- Name: index_receipts_on_notification_id; Type: INDEX; Schema: public; Owner: balabanpetr; Tablespace: 
--

CREATE INDEX index_receipts_on_notification_id ON receipts USING btree (notification_id);


--
-- Name: index_relationships_on_followed_id; Type: INDEX; Schema: public; Owner: balabanpetr; Tablespace: 
--

CREATE INDEX index_relationships_on_followed_id ON relationships USING btree (followed_id);


--
-- Name: index_relationships_on_follower_id; Type: INDEX; Schema: public; Owner: balabanpetr; Tablespace: 
--

CREATE INDEX index_relationships_on_follower_id ON relationships USING btree (follower_id);


--
-- Name: index_relationships_on_follower_id_and_followed_id; Type: INDEX; Schema: public; Owner: balabanpetr; Tablespace: 
--

CREATE UNIQUE INDEX index_relationships_on_follower_id_and_followed_id ON relationships USING btree (follower_id, followed_id);


--
-- Name: index_rs_evaluations_on_reputation_name; Type: INDEX; Schema: public; Owner: balabanpetr; Tablespace: 
--

CREATE INDEX index_rs_evaluations_on_reputation_name ON rs_evaluations USING btree (reputation_name);


--
-- Name: index_rs_evaluations_on_reputation_name_and_source_and_target; Type: INDEX; Schema: public; Owner: balabanpetr; Tablespace: 
--

CREATE UNIQUE INDEX index_rs_evaluations_on_reputation_name_and_source_and_target ON rs_evaluations USING btree (reputation_name, source_id, source_type, target_id, target_type);


--
-- Name: index_rs_evaluations_on_source_id_and_source_type; Type: INDEX; Schema: public; Owner: balabanpetr; Tablespace: 
--

CREATE INDEX index_rs_evaluations_on_source_id_and_source_type ON rs_evaluations USING btree (source_id, source_type);


--
-- Name: index_rs_evaluations_on_target_id_and_target_type; Type: INDEX; Schema: public; Owner: balabanpetr; Tablespace: 
--

CREATE INDEX index_rs_evaluations_on_target_id_and_target_type ON rs_evaluations USING btree (target_id, target_type);


--
-- Name: index_rs_reputation_messages_on_receiver_id; Type: INDEX; Schema: public; Owner: balabanpetr; Tablespace: 
--

CREATE INDEX index_rs_reputation_messages_on_receiver_id ON rs_reputation_messages USING btree (receiver_id);


--
-- Name: index_rs_reputation_messages_on_receiver_id_and_sender; Type: INDEX; Schema: public; Owner: balabanpetr; Tablespace: 
--

CREATE UNIQUE INDEX index_rs_reputation_messages_on_receiver_id_and_sender ON rs_reputation_messages USING btree (receiver_id, sender_id, sender_type);


--
-- Name: index_rs_reputation_messages_on_sender_id_and_sender_type; Type: INDEX; Schema: public; Owner: balabanpetr; Tablespace: 
--

CREATE INDEX index_rs_reputation_messages_on_sender_id_and_sender_type ON rs_reputation_messages USING btree (sender_id, sender_type);


--
-- Name: index_rs_reputations_on_reputation_name; Type: INDEX; Schema: public; Owner: balabanpetr; Tablespace: 
--

CREATE INDEX index_rs_reputations_on_reputation_name ON rs_reputations USING btree (reputation_name);


--
-- Name: index_rs_reputations_on_reputation_name_and_target; Type: INDEX; Schema: public; Owner: balabanpetr; Tablespace: 
--

CREATE UNIQUE INDEX index_rs_reputations_on_reputation_name_and_target ON rs_reputations USING btree (reputation_name, target_id, target_type);


--
-- Name: index_rs_reputations_on_target_id_and_target_type; Type: INDEX; Schema: public; Owner: balabanpetr; Tablespace: 
--

CREATE INDEX index_rs_reputations_on_target_id_and_target_type ON rs_reputations USING btree (target_id, target_type);


--
-- Name: index_student_teacher_profiles_on_user_id; Type: INDEX; Schema: public; Owner: balabanpetr; Tablespace: 
--

CREATE INDEX index_student_teacher_profiles_on_user_id ON student_teacher_profiles USING btree (user_id);


--
-- Name: index_taggings_on_tag_id; Type: INDEX; Schema: public; Owner: balabanpetr; Tablespace: 
--

CREATE INDEX index_taggings_on_tag_id ON taggings USING btree (tag_id);


--
-- Name: index_taggings_on_taggable_id_and_taggable_type_and_context; Type: INDEX; Schema: public; Owner: balabanpetr; Tablespace: 
--

CREATE INDEX index_taggings_on_taggable_id_and_taggable_type_and_context ON taggings USING btree (taggable_id, taggable_type, context);


--
-- Name: index_users_on_confirmation_token; Type: INDEX; Schema: public; Owner: balabanpetr; Tablespace: 
--

CREATE UNIQUE INDEX index_users_on_confirmation_token ON users USING btree (confirmation_token);


--
-- Name: index_users_on_email; Type: INDEX; Schema: public; Owner: balabanpetr; Tablespace: 
--

CREATE UNIQUE INDEX index_users_on_email ON users USING btree (email);


--
-- Name: index_users_on_reset_password_token; Type: INDEX; Schema: public; Owner: balabanpetr; Tablespace: 
--

CREATE UNIQUE INDEX index_users_on_reset_password_token ON users USING btree (reset_password_token);


--
-- Name: poly_ip_index; Type: INDEX; Schema: public; Owner: balabanpetr; Tablespace: 
--

CREATE INDEX poly_ip_index ON impressions USING btree (impressionable_type, impressionable_id, ip_address);


--
-- Name: poly_request_index; Type: INDEX; Schema: public; Owner: balabanpetr; Tablespace: 
--

CREATE INDEX poly_request_index ON impressions USING btree (impressionable_type, impressionable_id, request_hash);


--
-- Name: poly_session_index; Type: INDEX; Schema: public; Owner: balabanpetr; Tablespace: 
--

CREATE INDEX poly_session_index ON impressions USING btree (impressionable_type, impressionable_id, session_hash);


--
-- Name: unique_schema_migrations; Type: INDEX; Schema: public; Owner: balabanpetr; Tablespace: 
--

CREATE UNIQUE INDEX unique_schema_migrations ON schema_migrations USING btree (version);


--
-- Name: notifications_on_conversation_id; Type: FK CONSTRAINT; Schema: public; Owner: balabanpetr
--

ALTER TABLE ONLY notifications
    ADD CONSTRAINT notifications_on_conversation_id FOREIGN KEY (conversation_id) REFERENCES conversations(id);


--
-- Name: receipts_on_notification_id; Type: FK CONSTRAINT; Schema: public; Owner: balabanpetr
--

ALTER TABLE ONLY receipts
    ADD CONSTRAINT receipts_on_notification_id FOREIGN KEY (notification_id) REFERENCES notifications(id);


--
-- Name: public; Type: ACL; Schema: -; Owner: balabanpetr
--

REVOKE ALL ON SCHEMA public FROM PUBLIC;
REVOKE ALL ON SCHEMA public FROM balabanpetr;
GRANT ALL ON SCHEMA public TO balabanpetr;
GRANT ALL ON SCHEMA public TO PUBLIC;


--
-- PostgreSQL database dump complete
--

